date,commodity,price_ngn_mt,currency,unit,source,market_type,region,fx_rate,rainfall_index,data_quality_score,is_validated,notes,data_source,record_type,outlier_flag,outlier_reason,price_raw_ngn_mt,fx_rate_usd_ngn,fuel_diesel_ngn_litre,fuel_petrol_ngn_litre,headline_inflation_yoy,food_inflation_yoy,season_dry,season_rainy,season_planting,season_planting_early,season_planting_late,season_harvesting,season_harvest_early,season_harvest_lean,cashew_harvest,cocoa_main_crop,cocoa_mid_crop,sesame_harvest,ginger_harvest,hibiscus_harvest,sorghum_harvest,maize_harvest,soybean_harvest,is_ramadan,is_lean_season,is_festive_period,month_sin,month_cos,week_sin,week_cos,price_usd_mt,price_lag_1w,price_lag_2w,price_lag_4w,price_lag_8w,price_lag_12w,price_lag_26w,price_lag_52w,rolling_mean_4w,rolling_std_4w,rolling_mean_8w,rolling_std_8w,rolling_mean_12w,rolling_std_12w,rolling_mean_26w,rolling_std_26w,rolling_max_4w,rolling_min_4w,rolling_max_12w,rolling_min_12w,pct_change_1w,pct_change_4w,pct_change_12w,pct_change_52w,momentum_4w_vs_26w,acceleration_1w,price_zscore_52w,log_price,fuel_cost_index,shock_active,shock_severity,commodity_season_score,price_real_ngn_mt,weeks_since_start,year,quarter
2025-01-06,Ginger,13450000.0,NGN,NGN/MT,Agricom,wholesale,National,1650.0,,0.98,True,Historical data from Instagram posts (Jan-Feb 2025),Agricome,historical,False,,13200000.0,1570.0,1380.0,924.2857142857144,33.4,39.5,1,0,0,0,0,0,0,0,0,1,0,0,1,0,0,0,0,0,0,1,0.4999999999999999,0.8660254037844387,0.2393156642875577,0.970941817426052,8566.88,,,,,,,,,,,,,,,,,,,,,,,,,,,16.414489738361564,1.0,0,0,0.333,10082458.77,0,2025,1
2025-01-13,Ginger,13700000.0,NGN,NGN/MT,Agricom,wholesale,National,1650.0,,0.98,True,Historical data from Instagram posts (Jan-Feb 2025),Agricome,historical,False,,13700000.0,1570.0,1380.0,924.2857142857144,33.4,39.5,1,0,0,0,0,0,0,0,0,1,0,0,1,0,0,0,0,0,0,1,0.4999999999999999,0.8660254037844387,0.3546048870425356,0.9350162426854148,8726.11,13450000.0,,,,,,,13575000.0,176776.69529663687,13575000.0,176776.69529663687,13575000.0,176776.69529663687,13575000.0,176776.69529663687,13700000.0,13450000.0,13700000.0,13450000.0,1.8587360594795488,,,,0.0,,,16.432906463791053,1.0,0,0,0.333,10269865.07,1,2025,1
2025-01-20,Ginger,13700000.0,NGN,NGN/MT,Agricom,wholesale,National,1650.0,,0.98,True,Historical data from Instagram posts (Jan-Feb 2025),Agricome,historical,False,,13700000.0,1570.0,1380.0,924.2857142857144,33.4,39.5,1,0,0,0,0,0,0,0,0,1,0,0,1,0,0,0,0,0,0,1,0.4999999999999999,0.8660254037844387,0.4647231720437685,0.8854560256532099,8726.11,13700000.0,13450000.0,,,,,,13616666.666666666,144337.56729740658,13616666.666666666,144337.56729740658,13616666.666666666,144337.56729740658,13616666.666666666,144337.56729740658,13700000.0,13450000.0,13700000.0,13450000.0,0.0,,,,0.0,-1.8587360594795488,,16.432906463791053,1.0,0,0,0.333,10269865.07,2,2025,1
2025-01-27,Ginger,13700000.0,NGN,NGN/MT,Agricom,wholesale,National,1650.0,,0.98,True,Historical data from Instagram posts (Jan-Feb 2025),Agricome,historical,False,,13700000.0,1570.0,1380.0,924.2857142857144,33.4,39.5,1,0,0,0,0,0,0,0,0,1,0,0,1,0,0,0,0,0,0,1,0.4999999999999999,0.8660254037844387,0.5680647467311558,0.8229838658936564,8726.11,13700000.0,13700000.0,,,,,,13637500.0,125000.00000000016,13637500.0,125000.00000000016,13637500.0,125000.00000000016,13637500.0,125000.00000000016,13700000.0,13450000.0,13700000.0,13450000.0,0.0,,,,0.0,0.0,,16.432906463791053,1.0,0,0,0.333,10269865.07,3,2025,1
2025-02-03,Ginger,14000000.0,NGN,NGN/MT,Agricom,wholesale,National,1650.0,,0.98,True,Historical data from Instagram posts (Jan-Feb 2025),Agricome,historical,False,,14000000.0,1585.0,1380.0,924.2857142857144,33.4,39.5,1,0,0,0,0,0,0,0,1,1,0,0,1,0,0,0,0,0,0,0,0.8660254037844386,0.5000000000000001,0.6631226582407952,0.7485107481711011,8832.81,13700000.0,13700000.0,13450000.0,,,,,13775000.0,150000.0,13710000.0,194935.88689617935,13710000.0,194935.88689617935,13710000.0,194935.88689617935,14000000.0,13700000.0,14000000.0,13450000.0,2.1897810218978186,4.089219330855021,,,0.474,2.1897810218978186,,16.454567959008102,1.0,0,0,0.333,10494752.62,4,2025,1
2025-02-10,Ginger,14300000.0,NGN,NGN/MT,Agricom,wholesale,National,1650.0,,0.98,True,Historical data from Instagram posts (Jan-Feb 2025),Agricome,historical,False,,14300000.0,1585.0,1380.0,924.2857142857144,33.4,39.5,1,0,0,0,0,0,0,0,1,1,0,0,1,0,0,0,0,0,0,0,0.8660254037844386,0.5000000000000001,0.7485107481711011,0.6631226582407953,9022.08,14000000.0,13700000.0,13700000.0,,,,,13925000.0,287228.1323269014,13808333.333333334,297349.40165849775,13808333.333333334,297349.40165849775,13808333.333333334,297349.40165849775,14300000.0,13700000.0,14300000.0,13450000.0,2.1428571428571352,4.379562043795615,,,0.845,-0.0469238790406834,,16.475770165160203,1.0,0,0,0.333,10719640.18,5,2025,1
2025-02-17,Ginger,14300000.0,NGN,NGN/MT,Agricom,wholesale,National,1650.0,,0.98,True,Historical data from Instagram posts (Jan-Feb 2025),Agricome,historical,False,,14300000.0,1585.0,1380.0,924.2857142857144,33.4,39.5,1,0,0,0,0,0,0,0,1,1,0,0,1,0,0,0,0,0,0,0,0.8660254037844386,0.5000000000000001,0.8229838658936564,0.5680647467311559,9022.08,14300000.0,14000000.0,13700000.0,,,,,14075000.0,287228.1323269014,13878571.42857143,328959.3982762699,13878571.42857143,328959.3982762699,13878571.42857143,328959.3982762699,14300000.0,13700000.0,14300000.0,13450000.0,0.0,4.379562043795615,,,1.415,-2.1428571428571352,,16.475770165160203,1.0,0,0,0.333,10719640.18,6,2025,1
2025-02-24,Ginger,14300000.0,NGN,NGN/MT,Agricom,wholesale,National,1650.0,,0.98,True,Historical data from Instagram posts (Jan-Feb 2025),Agricome,historical,False,,14300000.0,1585.0,1380.0,924.2857142857144,33.4,39.5,1,0,0,0,0,0,0,0,1,1,0,0,1,0,0,0,0,0,0,0,0.8660254037844386,0.5000000000000001,0.8854560256532099,0.4647231720437686,9022.08,14300000.0,14300000.0,13700000.0,,,,,14225000.0,150000.0,13931250.0,339050.6704651342,13931250.0,339050.6704651342,13931250.0,339050.6704651342,14300000.0,14000000.0,14300000.0,13450000.0,0.0,4.379562043795615,,,2.109,0.0,,16.475770165160203,1.0,0,0,0.333,10719640.18,7,2025,1
2025-03-03,Ginger,14293333.33,NGN,NGN/MT,Interpolated,wholesale,National,,,0.69,False,Gap-filled by interpolation,Interpolated,historical,False,,14293333.33,1575.0,1380.0,924.2857142857144,33.4,39.5,1,0,0,1,0,0,0,0,1,1,0,0,0,0,0,0,0,1,0,0,1.0,6.123233995736766e-17,0.9350162426854148,0.3546048870425355,9075.13,14300000.0,14300000.0,14000000.0,13450000.0,,,,14298333.3325,3333.334999999807,14036666.66625,296476.6642654496,13971481.481111111,339342.1373062047,13971481.481111111,339342.1373062047,14300000.0,14293333.33,14300000.0,13450000.0,-0.04662006993007006,2.0952380714285734,,,2.339,-0.04662006993007006,,16.475303855788187,1.0,0,0,0.0,10714642.68,8,2025,1
2025-03-10,Ginger,14286666.67,NGN,NGN/MT,Interpolated,wholesale,National,,,0.69,False,Gap-filled by interpolation,Interpolated,historical,False,,14286666.67,1575.0,1380.0,924.2857142857144,33.4,39.5,1,0,0,1,0,0,0,0,1,1,0,0,0,0,0,0,0,1,0,0,1.0,6.123233995736766e-17,0.970941817426052,0.239315664287558,9070.9,14293333.33,14300000.0,14300000.0,13700000.0,,,,14295000.0,6382.846224524616,14110000.0,272926.5265278177,14003000.0,335100.685064749,14003000.0,335100.685064749,14300000.0,14286666.67,14300000.0,13450000.0,-0.046641744413866704,-0.09324006993006728,,,2.085,-2.1674483796640942e-05,,16.474837329570246,1.0,0,0,0.0,10709645.18,9,2025,1
2025-03-17,Ginger,14280000.0,NGN,NGN/MT,Interpolated,wholesale,National,,,0.69,False,Gap-filled by interpolation,Interpolated,historical,False,,14280000.0,1575.0,1380.0,924.2857142857144,33.4,39.5,1,0,0,1,0,0,0,0,1,1,0,0,0,0,0,0,0,1,0,0,1.0,6.123233995736766e-17,0.992708874098054,0.120536680255323,9066.67,14286666.67,14293333.33,14300000.0,13700000.0,,,,14290000.0,8606.628797576004,14182500.0,220445.07646958774,14028181.818181818,328692.2357679617,14028181.818181818,328692.2357679617,14300000.0,14280000.0,14300000.0,13450000.0,-0.04666357908383878,-0.13986013986013734,,,1.866,-2.183466997207617e-05,,16.47437058490372,1.0,0,0,0.0,10704647.68,10,2025,1
2025-03-24,Ginger,14273333.33,NGN,NGN/MT,Interpolated,wholesale,National,,,0.69,False,Gap-filled by interpolation,Interpolated,historical,False,,14273333.33,1575.0,1380.0,924.2857142857144,33.4,39.5,1,0,0,1,0,0,0,0,1,1,0,0,0,0,0,0,0,1,0,0,1.0,6.123233995736766e-17,1.0,-1.6081226496766364e-16,9062.43,14280000.0,14286666.67,14300000.0,13700000.0,,,,14283333.3325,8606.630088570257,14254166.66625,103183.45493451027,14048611.110833334,321286.7383038593,14048611.110833334,321286.7383038593,14293333.33,14273333.33,14300000.0,13450000.0,-0.046685364145659936,-0.1864802097902074,,,1.671,-2.1785061821155693e-05,0.699,16.473903622284883,1.0,0,0,0.0,10699650.17,11,2025,1
2025-03-31,Ginger,14273333.33,NGN,NGN/MT,Interpolated,wholesale,National,,,0.69,False,Gap-filled by interpolation,Interpolated,historical,False,,14273333.33,1575.0,1380.0,924.2857142857144,33.4,39.5,1,0,0,1,0,0,0,0,1,1,0,0,0,0,0,0,0,0,0,0,1.0,6.123233995736766e-17,0.992708874098054,-0.1205366802553228,9062.43,14273333.33,14280000.0,14293333.33,14000000.0,13450000.0,,,14278333.3325,6382.850576464956,14288333.3325,11683.66204278763,14117222.221666666,264772.94728020777,14065897.435384614,313859.3507823276,14286666.67,14273333.33,14300000.0,13700000.0,0.0,-0.1399253731669603,6.121437397769514,,1.51,0.046685364145659936,0.661,16.473903622284883,1.0,0,0,0.0,10699650.17,12,2025,1
2025-04-07,Ginger,14273333.33,NGN,NGN/MT,Interpolated,wholesale,National,,,0.69,False,Gap-filled by interpolation,Interpolated,historical,False,,14273333.33,1590.0,1380.0,924.2857142857144,33.4,39.5,0,1,1,1,0,0,0,0,1,0,0,0,0,0,0,0,0,0,0,0,0.8660254037844387,-0.4999999999999998,0.970941817426052,-0.2393156642875575,8976.94,14273333.33,14273333.33,14286666.67,14300000.0,13700000.0,,,14274999.9975,3333.3349999974794,14284999.99875,11683.662246572134,14164999.999166667,232389.86704252014,14080714.285,306600.26704810315,14280000.0,14273333.33,14300000.0,13700000.0,0.0,-0.09332715816767756,4.184914817518259,,1.38,0.0,0.628,16.473903622284883,1.0,0,0,0.667,10699650.17,13,2025,2
2025-04-14,Ginger,14273333.33,NGN,NGN/MT,Interpolated,wholesale,National,,,0.69,False,Gap-filled by interpolation,Interpolated,historical,False,,14273333.33,1590.0,1380.0,924.2857142857144,33.4,39.5,0,1,1,1,0,0,0,0,1,0,0,0,0,0,0,0,0,0,0,0,0.8660254037844387,-0.4999999999999998,0.9350162426854148,-0.3546048870425354,8976.94,14273333.33,14273333.33,14280000.0,14300000.0,13700000.0,,,14273333.33,0.0,14281666.665,10540.926738567363,14212777.776666665,181452.24075241893,14093555.554666666,299604.1474296325,14273333.33,14273333.33,14300000.0,13700000.0,0.0,-0.046685364145659936,4.184914817518259,,1.276,0.0,0.6,16.473903622284883,1.0,0,0,0.667,10699650.17,14,2025,2
2025-04-21,Ginger,14273333.33,NGN,NGN/MT,Interpolated,wholesale,National,,,0.69,False,Gap-filled by interpolation,Interpolated,historical,False,,14273333.33,1590.0,1380.0,924.2857142857144,33.4,39.5,0,1,1,1,0,0,0,0,1,0,0,0,0,0,0,0,0,0,0,0,0.8660254037844387,-0.4999999999999998,0.8854560256532099,-0.4647231720437685,8976.94,14273333.33,14273333.33,14273333.33,14300000.0,13700000.0,,,14273333.33,0.0,14278333.33125,7766.43275755854,14260555.554166667,82851.12987490548,14104791.665625,292913.7617878719,14273333.33,14273333.33,14300000.0,14000000.0,0.0,0.0,4.184914817518259,,1.195,0.0,0.575,16.473903622284883,1.0,0,0,0.667,10699650.17,15,2025,2
2025-04-28,Ginger,14273333.33,NGN,NGN/MT,Interpolated,wholesale,National,,,0.69,False,Gap-filled by interpolation,Interpolated,historical,False,,14273333.33,1590.0,1380.0,924.2857142857144,33.4,39.5,0,1,1,1,0,0,0,0,1,0,0,0,0,0,0,0,0,0,0,0,0.8660254037844387,-0.4999999999999998,0.8229838658936565,-0.5680647467311557,8976.94,14273333.33,14273333.33,14273333.33,14293333.33,14000000.0,,,14273333.33,0.0,14275833.33125,4960.161207686866,14283333.331666665,11891.769159253468,14114705.88117647,286543.23538419884,14273333.33,14273333.33,14300000.0,14273333.33,0.0,0.0,1.95238092857144,,1.124,0.0,0.554,16.473903622284883,1.0,0,0,0.667,10699650.17,16,2025,2
2025-05-05,Ginger,14273333.33,NGN,NGN/MT,Interpolated,wholesale,National,,,0.69,False,Gap-filled by interpolation,Interpolated,historical,False,,14273333.33,1600.0,1380.0,924.2857142857144,33.4,39.5,0,1,1,1,0,0,0,0,1,0,1,0,0,0,0,0,0,0,0,0,0.4999999999999999,-0.8660254037844387,0.7485107481711013,-0.663122658240795,8920.83,14273333.33,14273333.33,14273333.33,14286666.67,14300000.0,,,14273333.33,0.0,14274166.66375,2357.0237824412825,14281111.109166667,10948.303467713475,14123518.517222222,280490.8673629167,14273333.33,14273333.33,14300000.0,14273333.33,0.0,0.0,-0.1864802097902074,,1.061,0.0,0.534,16.473903622284883,1.0,0,0,0.667,10699650.17,17,2025,2
2025-05-12,Ginger,14273333.33,NGN,NGN/MT,Interpolated,wholesale,National,,,0.69,False,Gap-filled by interpolation,Interpolated,historical,False,,14273333.33,1600.0,1380.0,924.2857142857144,33.4,39.5,0,1,1,1,0,0,0,0,1,0,1,0,0,0,0,0,0,0,0,0,0.4999999999999999,-0.8660254037844387,0.6631226582407952,-0.7485107481711012,8920.83,14273333.33,14273333.33,14273333.33,14280000.0,14300000.0,,,14273333.33,0.0,14273333.33,0.0,14278888.886666665,9356.394093736595,14131403.507368421,274746.3823705981,14273333.33,14273333.33,14300000.0,14273333.33,0.0,0.0,-0.1864802097902074,,1.004,0.0,0.517,16.473903622284883,1.0,0,0,0.667,10699650.17,18,2025,2
2025-05-19,Ginger,14273333.33,NGN,NGN/MT,Interpolated,wholesale,National,,,0.69,False,Gap-filled by interpolation,Interpolated,historical,False,,14273333.33,1600.0,1380.0,924.2857142857144,33.4,39.5,0,1,1,1,0,0,0,0,1,0,1,0,0,0,0,0,0,0,0,0,0.4999999999999999,-0.8660254037844387,0.5680647467311558,-0.8229838658936564,8920.83,14273333.33,14273333.33,14273333.33,14273333.33,14300000.0,,,14273333.33,0.0,14273333.33,0.0,14276666.664166667,6666.667727242631,14138499.9985,269295.1046213815,14273333.33,14273333.33,14293333.33,14273333.33,0.0,0.0,-0.1864802097902074,,0.954,0.0,0.501,16.473903622284883,1.0,0,0,0.667,10699650.17,19,2025,2
2025-05-26,Ginger,14273333.33,NGN,NGN/MT,Interpolated,wholesale,National,,,0.69,False,Gap-filled by interpolation,Interpolated,historical,False,,14273333.33,1600.0,1380.0,924.2857142857144,33.4,39.5,0,1,1,1,0,0,0,0,1,0,1,0,0,0,0,0,0,0,0,0,0.4999999999999999,-0.8660254037844387,0.464723172043769,-0.8854560256532096,8920.83,14273333.33,14273333.33,14273333.33,14273333.33,14293333.33,,,14273333.33,0.0,14273333.33,0.0,14274999.9975,4143.879141943203,14144920.633333335,264120.3821921209,14273333.33,14273333.33,14286666.67,14273333.33,0.0,0.0,-0.1399253731669603,,0.908,0.0,0.486,16.473903622284883,1.0,0,0,0.667,10699650.17,20,2025,2
2025-06-02,Ginger,14273333.33,NGN,NGN/MT,Interpolated,wholesale,National,,,0.69,False,Gap-filled by interpolation,Interpolated,historical,False,,14273333.33,1610.0,1380.0,924.2857142857144,33.4,39.5,0,1,1,0,0,0,0,1,0,0,1,0,0,0,0,0,0,0,1,0,1.2246467991473532e-16,-1.0,0.3546048870425358,-0.9350162426854148,8865.42,14273333.33,14273333.33,14273333.33,14273333.33,14286666.67,,,14273333.33,0.0,14273333.33,0.0,14273888.885833332,1924.5018594425173,14150757.57409091,259204.99417848897,14273333.33,14273333.33,14280000.0,14273333.33,0.0,0.0,-0.09332715816767756,,0.866,0.0,0.473,16.473903622284883,1.0,0,0,0.667,10699650.17,21,2025,2
2025-06-09,Ginger,14200000.0,NGN,NGN/MT,Agricom,wholesale,National,1650.0,,0.98,True,Historical data from Instagram posts (June-July 2025),Agricome,historical,False,,14200000.0,1610.0,1380.0,924.2857142857144,33.4,39.5,0,1,1,0,0,0,0,1,0,0,1,0,0,0,0,0,0,0,1,0,1.2246467991473532e-16,-1.0,0.2393156642875576,-0.970941817426052,8819.88,14273333.33,14273333.33,14273333.33,14273333.33,14280000.0,,,14254999.9975,36666.6650000002,14264166.66375,25927.247464995515,14267222.219166666,21169.508908035776,14152898.549130434,253453.52800259204,14273333.33,14200000.0,14273333.33,14200000.0,-0.513778584893454,-0.513778584893454,-0.5602240896358524,,0.721,-0.513778584893454,0.186,16.468752592994022,1.0,0,0,0.667,10644677.66,22,2025,2
2025-06-16,Ginger,14200000.0,NGN,NGN/MT,Agricom,wholesale,National,1650.0,,0.98,True,Historical data from Instagram posts (June-July 2025),Agricome,historical,False,,14200000.0,1610.0,1380.0,924.2857142857144,33.4,39.5,0,1,1,0,0,0,0,1,0,0,1,0,0,0,0,0,0,0,1,0,1.2246467991473532e-16,-1.0,0.120536680255323,-0.992708874098054,8819.88,14200000.0,14273333.33,14273333.33,14273333.33,14273333.33,,,14236666.665000001,42339.017816071704,14254999.997499999,33946.735448626925,14261111.108333332,28544.959988424373,14154861.109583333,248068.82863978125,14273333.33,14200000.0,14273333.33,14200000.0,0.0,-0.513778584893454,-0.513778584893454,,0.578,0.513778584893454,0.182,16.468752592994022,1.0,0,0,0.667,10644677.66,23,2025,2
2025-06-23,Ginger,14200000.0,NGN,NGN/MT,Agricom,wholesale,National,1650.0,,0.98,True,Historical data from Instagram posts (June-July 2025),Agricome,historical,False,,14200000.0,1610.0,1380.0,924.2857142857144,33.4,39.5,0,1,1,0,0,0,0,1,0,0,1,0,0,0,0,0,0,0,1,0,1.2246467991473532e-16,-1.0,-3.216245299353273e-16,-1.0,8819.88,14200000.0,14200000.0,14273333.33,14273333.33,14273333.33,,,14218333.3325,36666.66499999932,14245833.331249999,37953.604038665995,14254999.9975,33166.24639599749,14156666.6652,243013.48768581141,14273333.33,14200000.0,14273333.33,14200000.0,0.0,-0.513778584893454,-0.513778584893454,,0.436,0.0,0.178,16.468752592994022,1.0,0,0,0.667,10644677.66,24,2025,2
2025-06-30,Ginger,14000000.0,NGN,NGN/MT,Agricom,wholesale,National,1650.0,,0.98,True,Historical data from Instagram posts (June-July 2025),Agricome,historical,False,,14000000.0,1610.0,1380.0,924.2857142857144,33.4,39.5,0,1,1,0,0,0,0,1,0,0,1,0,0,0,0,0,0,0,1,0,1.2246467991473532e-16,-1.0,-0.1205366802553228,-0.992708874098054,8695.65,14200000.0,14200000.0,14273333.33,14273333.33,14273333.33,,,14150000.0,100000.0,14211666.665,92907.1891557673,14232222.219999999,80092.53782649338,14150641.024230769,240077.800026731,14200000.0,14000000.0,14273333.33,14000000.0,-1.4084507042253502,-1.9149929710217228,-1.9149929710217228,,-0.005,-1.4084507042253502,-0.627,16.454567959008102,1.0,0,0,0.667,10494752.62,25,2025,2
2025-07-07,Ginger,14000000.0,NGN,NGN/MT,Agricom,wholesale,National,1650.0,,0.98,True,Historical data from Instagram posts (June-July 2025),Agricome,historical,False,,14000000.0,1595.0,1380.0,924.2857142857144,33.4,39.5,0,1,1,0,0,0,1,1,0,0,1,0,0,0,0,0,0,0,1,0,-0.4999999999999997,-0.8660254037844388,-0.2393156642875574,-0.970941817426052,8777.43,14000000.0,14200000.0,14200000.0,14273333.33,14273333.33,13450000.0,,14100000.0,115470.05383792528,14177499.99875,114694.20923025106,14209444.4425,102944.85332739774,14171794.870384615,196070.80451749187,14200000.0,14000000.0,14273333.33,14000000.0,0.0,-1.4084507042253502,-1.9149929710217228,,-0.507,1.4084507042253502,-0.612,16.454567959008102,1.0,0,0,0.667,10494752.62,26,2025,3
2025-07-14,Ginger,13800000.0,NGN,NGN/MT,Agricom,wholesale,National,1650.0,,0.98,True,Historical data from Instagram posts (June-July 2025),Agricome,historical,False,,13800000.0,1595.0,1380.0,924.2857142857144,33.4,39.5,0,1,1,0,0,0,1,1,0,0,1,0,0,0,0,0,0,0,1,0,-0.4999999999999997,-0.8660254037844388,-0.3546048870425356,-0.9350162426854148,8652.04,14000000.0,14000000.0,14200000.0,14273333.33,14273333.33,13700000.0,,14000000.0,163299.31618554512,14118333.3325,167928.5553584092,14169999.998333333,154174.2410195024,14175641.024230769,187227.17966597402,14200000.0,13800000.0,14273333.33,13800000.0,-1.4285714285714235,-2.8169014084507005,-3.3162073571499806,,-1.239,-1.4285714285714235,-1.377,16.440179222591198,1.0,0,0,0.667,10344827.59,27,2025,3
2025-07-21,Ginger,13000000.0,NGN,NGN/MT,Agricom,wholesale,National,1650.0,,0.98,True,Historical data from Instagram posts (June-July 2025),Agricome,historical,False,,13000000.0,1595.0,1380.0,924.2857142857144,33.4,39.5,0,1,1,0,0,0,1,1,0,0,1,0,0,0,0,0,0,0,1,0,-0.4999999999999997,-0.8660254037844388,-0.464723172043768,-0.8854560256532101,8150.47,13800000.0,14000000.0,14200000.0,14273333.33,14273333.33,13700000.0,,13700000.0,476095.2285695235,13959166.66625,417710.1216544083,14063888.887500001,367370.76479573036,14148717.947307693,283788.7735777298,14000000.0,13000000.0,14273333.33,13000000.0,-5.797101449275366,-8.450704225352112,-8.921064901663023,,-3.171,-4.368530020703942,-3.448,16.380459992348886,1.0,0,0,0.667,9745127.44,28,2025,3
2025-07-28,Ginger,12933333.33,NGN,NGN/MT,Interpolated,wholesale,National,,,0.69,False,Gap-filled by interpolation,Interpolated,historical,False,,12933333.33,1595.0,1380.0,924.2857142857144,33.4,39.5,0,1,1,0,0,0,1,1,0,0,1,0,0,0,0,0,0,0,1,0,-0.4999999999999997,-0.8660254037844388,-0.5680647467311556,-0.8229838658936565,8108.67,13000000.0,13800000.0,14000000.0,14273333.33,14273333.33,13700000.0,,13433333.3325,545690.1858095754,13791666.666250002,527873.8433264671,13952222.220833333,483287.0056243886,14119230.767692307,361475.1351983991,14000000.0,12933333.33,14273333.33,12933333.33,-0.5128205384615336,-7.619047642857146,-9.388136387059355,,-4.858,5.284280910813832,-2.977,16.375318592987245,1.0,0,0,0.667,9695152.42,29,2025,3
2025-08-04,Ginger,12866666.67,NGN,NGN/MT,Interpolated,wholesale,National,,,0.69,False,Gap-filled by interpolation,Interpolated,historical,False,,12866666.67,1585.0,1380.0,924.2857142857144,33.4,39.5,0,1,0,0,1,0,1,1,0,0,1,0,0,0,0,1,0,0,1,0,-0.8660254037844384,-0.5000000000000004,-0.663122658240795,-0.7485107481711013,8117.77,12933333.33,13000000.0,14000000.0,14200000.0,14273333.33,14000000.0,,13150000.0,436738.75554224924,13625000.0,587637.1841995454,13834999.999166666,562434.2827343919,14075641.024230769,436893.85291714355,13800000.0,12866666.67,14273333.33,12866666.67,-0.5154638661122313,-8.095238071428568,-9.855207802394961,,-6.576,-0.0026433276506976355,-2.69,16.37015062374622,1.0,0,0,0.333,9645177.41,30,2025,3
2025-08-11,Ginger,12800000.0,NGN,NGN/MT,Interpolated,wholesale,National,,,0.69,False,Gap-filled by interpolation,Interpolated,historical,False,,12800000.0,1585.0,1380.0,924.2857142857144,33.4,39.5,0,1,0,0,1,0,1,1,0,0,1,0,0,0,0,1,0,0,1,0,-0.8660254037844384,-0.5000000000000004,-0.7485107481711011,-0.6631226582407952,8075.71,12866666.67,12933333.33,13800000.0,14200000.0,14273333.33,14300000.0,,12900000.0,86066.29572172469,13450000.0,600264.4919149985,13712222.221666666,616282.9813358269,14017948.71653846,500491.3817069591,13000000.0,12800000.0,14273333.33,12800000.0,-0.5181347407984149,-7.246376811594201,-10.32227928779128,,-7.975,-0.002670874686183655,-2.495,16.36495580701484,1.0,0,0,0.333,9595202.4,31,2025,3
2025-08-18,Ginger,12733333.33,NGN,NGN/MT,Interpolated,wholesale,National,,,0.69,False,Gap-filled by interpolation,Interpolated,historical,False,,12733333.33,1585.0,1380.0,924.2857142857144,33.4,39.5,0,1,0,0,1,0,1,1,0,0,1,0,0,0,0,1,0,0,1,0,-0.8660254037844384,-0.5000000000000004,-0.8229838658936564,-0.5680647467311559,8033.65,12800000.0,12866666.67,13000000.0,14200000.0,14273333.33,14300000.0,,12833333.3325,86066.29701271877,13266666.666250002,561177.8999257573,13583888.888333334,648326.2574384712,13957692.306153845,556365.801756333,12933333.33,12733333.33,14273333.33,12733333.33,-0.5208333593749948,-2.0512820769230777,-10.78935077318761,,-8.055,-0.0026986185765798254,-2.354,16.359733863180942,1.0,0,0,0.333,9545227.38,32,2025,3
2025-08-25,Ginger,12733333.33,NGN,NGN/MT,Interpolated,wholesale,National,,,0.69,False,Gap-filled by interpolation,Interpolated,historical,False,,12733333.33,1585.0,1380.0,924.2857142857144,33.4,39.5,0,1,0,0,1,0,1,1,0,0,1,0,0,0,0,1,0,0,1,0,-0.8660254037844384,-0.5000000000000004,-0.8854560256532096,-0.4647231720437691,8033.65,12733333.33,12800000.0,12933333.33,14000000.0,14273333.33,14300000.0,,12783333.3325,63828.477041846185,13108333.332500001,500079.359432244,13455555.555,651855.6786213041,13897435.895769231,600867.74816154,12866666.67,12733333.33,14200000.0,12733333.33,0.0,-1.546391752975873,-10.78935077318761,,-8.017,0.5208333593749948,-2.147,16.359733863180942,1.0,0,0,0.333,9545227.38,33,2025,3
2025-09-01,Ginger,12600000.0,NGN,NGN/MT,Agricom,wholesale,National,1650.0,,0.98,True,Historical data from Instagram posts,Agricome,historical,False,,12600000.0,1580.0,1380.0,924.2857142857144,23.9,25.8,0,1,0,0,1,1,0,0,0,0,0,0,0,0,0,1,0,0,0,0,-1.0,-1.8369701987210294e-16,-0.9350162426854148,-0.3546048870425359,7974.68,12733333.33,12733333.33,12866666.67,14000000.0,14200000.0,14293333.33,,12716666.665,83887.04883927474,12933333.332500001,372038.57156236493,13322222.221666666,649371.6211514798,13832307.690769233,646293.203877882,12800000.0,12600000.0,14200000.0,12600000.0,-1.0471203929442674,-2.0725388854734295,-11.267605633802813,,-8.065,-1.0471203929442674,-2.181,16.349207451286784,1.0,0,0,0.333,10169491.53,34,2025,3
2025-09-08,Ginger,12280000.0,NGN,NGN/MT,Agricom,wholesale,National,1650.0,,0.98,True,Historical data from Instagram posts,Agricome,historical,False,,12200000.0,1580.0,1380.0,924.2857142857144,23.9,25.8,0,1,0,0,1,1,0,0,0,0,0,0,0,0,0,1,0,0,0,0,-1.0,-1.8369701987210294e-16,-0.970941817426052,-0.2393156642875577,7772.15,12600000.0,12733333.33,12800000.0,13800000.0,14200000.0,14286666.67,,12586666.665,213888.16586313467,12743333.332500001,225458.96741382696,13162222.221666666,649968.6605819684,13755128.203461539,706844.1473053051,12733333.33,12280000.0,14200000.0,12280000.0,-2.5396825396825418,-4.062500000000002,-13.521126760563384,,-8.495,-1.4925621467382744,-2.446,16.323482562116492,1.0,0,0,0.333,9911218.72,35,2025,3
2025-09-15,Ginger,12280000.0,NGN,NGN/MT,Agricom,wholesale,National,1650.0,,0.98,True,Historical data from Instagram posts,Agricome,historical,False,,12280000.0,1580.0,1380.0,924.2857142857144,23.9,25.8,0,1,0,0,1,1,0,0,0,0,0,0,0,0,0,1,0,0,0,0,-1.0,-1.8369701987210294e-16,-0.992708874098054,-0.1205366802553235,7772.15,12280000.0,12600000.0,12733333.33,13000000.0,14200000.0,14280000.0,,12473333.3325,229782.50460429204,12653333.332500001,250662.61351841292,13002222.221666666,606119.1893233457,13678205.126538463,754649.1336904619,12733333.33,12280000.0,14000000.0,12280000.0,0.0,-3.560209398837755,-13.521126760563384,,-8.809,2.5396825396825418,-2.235,16.323482562116492,1.0,0,0,0.333,9911218.72,36,2025,3
2025-09-22,Ginger,12280000.0,NGN,NGN/MT,Agricom,wholesale,National,1650.0,,0.98,True,Historical data from Instagram posts,Agricome,historical,False,,12280000.0,1580.0,1380.0,924.2857142857144,23.9,25.8,0,1,0,0,1,1,0,0,0,0,0,0,0,0,0,1,0,0,0,0,-1.0,-1.8369701987210294e-16,-1.0,-1.8369701987210294e-16,7772.15,12280000.0,12280000.0,12733333.33,12933333.33,14000000.0,14273333.33,,12360000.0,159999.9999999973,12571666.666250002,252825.30508962044,12858888.888333334,549437.4228183421,13601538.46,792094.9602189398,12600000.0,12280000.0,14000000.0,12280000.0,0.0,-3.560209398837755,-12.285714285714288,,-9.128,0.0,-2.071,16.323482562116492,1.0,0,0,0.333,9911218.72,37,2025,3
2025-09-29,Ginger,12400000.0,NGN,NGN/MT,Agricom,wholesale,National,1650.0,,0.98,True,Historical data from Instagram posts,Agricome,historical,False,,12400000.0,1580.0,1380.0,924.2857142857144,23.9,25.8,0,1,0,0,1,1,0,0,0,0,0,0,0,0,0,1,0,0,0,0,-1.0,-1.8369701987210294e-16,-0.992708874098054,0.1205366802553232,7848.1,12280000.0,12280000.0,12600000.0,12866666.67,14000000.0,14273333.33,,12310000.0,60000.0,12513333.332500001,227617.05426106692,12725555.555,428083.1914539306,13529487.178076923,813456.1059015106,12400000.0,12280000.0,13800000.0,12280000.0,0.9771986970684043,-1.5873015873015928,-11.428571428571432,,-9.014,0.9771986970684043,-1.794,16.333207111220425,1.0,0,0,0.333,10008071.03,38,2025,3
2025-10-06,Ginger,12400000.0,NGN,NGN/MT,Agricom,wholesale,National,1650.0,,0.98,True,Historical data from Instagram posts,Agricome,historical,False,,12400000.0,1595.0,1380.0,924.2857142857144,23.9,25.8,0,1,0,0,0,1,0,0,0,1,0,1,0,1,1,1,1,0,0,0,-0.8660254037844386,0.5000000000000001,-0.970941817426052,0.2393156642875573,7774.29,12400000.0,12280000.0,12280000.0,12800000.0,13800000.0,14273333.33,,12340000.0,69282.03230275509,12463333.332500001,197604.70271059597,12608888.888333334,270358.2854331493,13457435.896153847,827773.6170119202,12400000.0,12280000.0,13000000.0,12280000.0,0.0,0.9771986970684043,-10.144927536231885,,-8.303,-0.9771986970684043,-1.703,16.333207111220425,1.0,0,0,0.333,10008071.03,39,2025,4
2025-10-13,Ginger,12200000.0,NGN,NGN/MT,Agricom,wholesale,National,1650.0,,0.98,True,Historical data from Instagram posts,Agricome,historical,False,,12200000.0,1595.0,1380.0,924.2857142857144,23.9,25.8,0,1,0,0,0,1,0,0,0,1,0,1,0,1,1,1,1,0,0,0,-0.8660254037844386,0.5000000000000001,-0.9350162426854148,0.3546048870425355,7648.9,12400000.0,12400000.0,12280000.0,12733333.33,13000000.0,14273333.33,,12320000.0,97979.58971132712,12396666.666250002,182921.6147416502,12542222.221666666,263700.6766506084,13377692.306538463,845703.2669607233,12400000.0,12200000.0,12933333.33,12200000.0,-1.6129032258064502,-0.6514657980456029,-6.153846153846154,,-7.906,-1.6129032258064502,-1.858,16.316946591670696,1.0,0,0,0.333,9846650.52,40,2025,4
2025-10-20,Ginger,12200000.0,NGN,NGN/MT,Agricom,wholesale,National,1650.0,,0.98,True,Historical data from Instagram posts,Agricome,historical,False,,12200000.0,1595.0,1380.0,924.2857142857144,23.9,25.8,0,1,0,0,0,1,0,0,0,1,0,1,0,1,1,1,1,0,0,0,-0.8660254037844386,0.5000000000000001,-0.8854560256532101,0.464723172043768,7648.9,12200000.0,12400000.0,12280000.0,12733333.33,12933333.33,14273333.33,,12300000.0,115470.05383792521,12330000.0,133095.0251297787,12481111.110833332,249408.72826077198,13297948.716923079,855565.3494028439,12400000.0,12200000.0,12866666.67,12200000.0,0.0,-0.6514657980456029,-5.670103068471677,,-7.505,1.6129032258064502,-1.764,16.316946591670696,1.0,0,0,0.333,9846650.52,41,2025,4
2025-10-27,Ginger,12200000.0,NGN,NGN/MT,Agricom,wholesale,National,1650.0,,0.98,True,From Agricom Threads - Oct 31,Agricome,historical,False,,12200000.0,1595.0,1380.0,924.2857142857144,23.9,25.8,0,1,0,0,0,1,0,0,0,1,0,1,0,1,1,1,1,0,0,0,-0.8660254037844386,0.5000000000000001,-0.822983865893657,0.5680647467311548,7648.9,12200000.0,12200000.0,12400000.0,12600000.0,12866666.67,14273333.33,,12250000.0,99999.9999999999,12280000.0,82807.86712114997,12425555.555,229145.68233915305,13218205.127307693,857638.2192237625,12400000.0,12200000.0,12800000.0,12200000.0,0.0,-1.6129032258064502,-5.181347174823481,,-7.325,0.0,-1.682,16.316946591670696,1.0,0,0,0.333,9846650.52,42,2025,4
2025-11-03,Ginger,12000000.0,NGN,NGN/MT,Agricom,wholesale,National,1650.0,,0.98,True,From Agricom Threads - Nov 7,Agricome,historical,False,,12000000.0,1600.0,1380.0,924.2857142857144,23.9,25.8,1,0,0,0,0,1,0,0,0,1,0,1,1,1,1,0,1,0,0,0,-0.5000000000000004,0.8660254037844384,-0.7485107481711011,0.6631226582407952,7500.0,12200000.0,12200000.0,12400000.0,12280000.0,12800000.0,14273333.33,,12150000.0,100000.0,12245000.0,129062.5540470756,12358888.888333334,226663.69476066311,13130769.23,861638.9068589393,12200000.0,12000000.0,12733333.33,12000000.0,-1.6393442622950838,-3.2258064516129004,-6.25,,-7.469,-1.6393442622950838,-1.828,16.300417291085605,1.0,0,0,0.333,9685230.02,43,2025,4
2025-11-10,Ginger,10500000.0,NGN,NGN/MT,Agricom,wholesale,National,1650.0,,0.98,True,From Agricom Threads - Nov 14,Agricome,historical,False,,10500000.0,1600.0,1380.0,924.2857142857144,23.9,25.8,1,0,0,0,0,1,0,0,0,1,0,1,1,1,1,0,1,0,0,0,-0.5000000000000004,0.8660254037844384,-0.6631226582407955,0.7485107481711007,6562.5,12000000.0,12200000.0,12200000.0,12280000.0,12733333.33,14273333.33,,11725000.0,822090.8303425685,12022500.0,628416.3769803873,12172777.777499998,561228.5102680612,12985641.025000002,972181.404290025,12200000.0,10500000.0,12733333.33,10500000.0,-12.5,-13.934426229508201,-17.53926699412023,,-9.708,-10.860655737704917,-3.138,16.166885910365842,1.0,0,0,0.333,8474576.27,44,2025,4
2025-11-17,Ginger,10200000.0,NGN,NGN/MT,Agricom,wholesale,National,1650.0,,0.98,True,From Agricom Threads - Nov 24,Agricome,historical,False,,10200000.0,1600.0,1380.0,924.2857142857144,23.9,25.8,1,0,0,0,0,1,0,0,0,1,0,1,1,1,1,0,1,0,0,0,-0.5000000000000004,0.8660254037844384,-0.5680647467311559,0.8229838658936564,6375.0,10500000.0,12000000.0,12200000.0,12280000.0,12733333.33,14273333.33,,11225000.0,1021028.8928331068,11762500.0,884691.229428995,11961666.666666666,769153.4110286238,12828974.358461538,1078738.2623135024,12200000.0,10200000.0,12600000.0,10200000.0,-2.857142857142858,-16.393442622950815,-19.89528793714537,,-12.503,9.642857142857142,-3.039,16.13789837629371,1.0,0,0,0.333,8232445.52,45,2025,4
2025-11-24,Ginger,10200000.0,NGN,NGN/MT,Agricom,wholesale,National,1650.0,,0.98,True,From Agricom Threads - Nov 28,Agricome,historical,False,,10200000.0,1600.0,1380.0,924.2857142857144,23.9,25.8,1,0,0,0,0,1,0,0,0,1,0,1,1,1,1,0,1,0,0,0,-0.5000000000000004,0.8660254037844384,-0.4647231720437684,0.88545602565321,6375.0,10200000.0,10500000.0,12200000.0,12400000.0,12600000.0,14273333.33,,10725000.0,861684.3969807043,11487500.0,993460.762040607,11761666.666666666,890534.3986346137,12672307.691923078,1153760.5253908178,12000000.0,10200000.0,12400000.0,10200000.0,0.0,-16.393442622950815,-19.047619047619047,,-15.367,2.857142857142858,-2.744,16.13789837629371,1.0,0,0,0.333,8232445.52,46,2025,4
2025-12-01,Ginger,9000000.0,NGN,NGN/MT,Agricom,wholesale,National,1650.0,,0.98,True,From Agricom Threads - Dec 5,Agricome,historical,False,,9000000.0,1610.0,1380.0,924.2857142857144,24.2,26.1,1,0,0,0,0,0,0,0,0,1,0,1,1,1,1,0,0,0,0,1,-2.4492935982947064e-16,1.0,-0.3546048870425359,0.9350162426854148,5590.06,10200000.0,10200000.0,12000000.0,12400000.0,12280000.0,14273333.33,,9975000.0,665206.7347825036,11062500.0,1243195.7666778537,11488333.333333334,1174933.911745548,12469487.17923077,1313500.731169072,10500000.0,9000000.0,12400000.0,9000000.0,-11.764705882352944,-25.0,-26.710097719869708,,-20.005,-11.764705882352944,-3.287,16.012735246411598,1.0,0,0,0.333,7246376.81,47,2025,4
2025-12-08,Ginger,9000000.0,NGN,NGN/MT,Agricom,wholesale,National,1650.0,,0.98,True,From Agricom Threads - Dec 12,Agricome,historical,False,,9000000.0,1610.0,1380.0,924.2857142857144,24.2,26.1,1,0,0,0,0,0,0,0,0,1,0,1,1,1,1,0,0,0,0,1,-2.4492935982947064e-16,1.0,-0.2393156642875578,0.970941817426052,5590.06,9000000.0,10200000.0,10500000.0,12200000.0,12280000.0,14200000.0,,9600000.0,692820.3230275509,10662500.0,1336239.392581187,11215000.0,1343458.9008160303,12269487.17923077,1430171.6111508044,10200000.0,9000000.0,12400000.0,9000000.0,0.0,-14.28571428571429,-26.710097719869708,,-21.757,11.764705882352944,-2.939,16.012735246411598,1.0,0,0,0.333,7246376.81,48,2025,4
2025-12-15,Ginger,9800000.0,NGN,NGN/MT,Agricom,wholesale,National,1650.0,,0.98,True,From Agricom Threads - Dec 19,Agricome,historical,False,,9800000.0,1610.0,1380.0,924.2857142857144,24.2,26.1,1,0,0,0,0,0,0,0,0,1,0,1,1,1,1,0,0,0,0,1,-2.4492935982947064e-16,1.0,-0.1205366802553236,0.992708874098054,6086.96,9000000.0,9000000.0,10200000.0,12200000.0,12280000.0,14200000.0,,9500000.0,600000.0,10362500.0,1204678.3803156873,11008333.333333334,1355432.3921527655,12100256.41,1452744.1994536766,10200000.0,9000000.0,12400000.0,9000000.0,8.888888888888879,-3.9215686274509776,-20.19543973941368,,-21.489,8.888888888888879,-2.225,16.097893045681612,1.0,0,0,0.333,7890499.19,49,2025,4
2025-12-22,Ginger,9800000.0,NGN,NGN/MT,Agricom,wholesale,National,1650.0,,0.98,True,From Agricom Threads - Dec 23,Agricome,historical,False,,9800000.0,1610.0,1380.0,924.2857142857144,24.2,26.1,1,0,0,0,0,0,0,0,0,1,0,1,1,1,1,0,0,0,0,1,-2.4492935982947064e-16,1.0,6.432490598706546e-16,1.0,6086.96,9800000.0,9000000.0,10200000.0,12200000.0,12400000.0,14200000.0,,9400000.0,461880.21535170055,10062500.0,954594.154601855,10791666.666666666,1320095.2674528887,11931025.640769232,1454637.8758927216,9800000.0,9000000.0,12400000.0,9000000.0,0.0,-3.9215686274509776,-20.967741935483875,,-21.214,-8.888888888888879,-2.102,16.097893045681612,1.0,0,0,0.333,7890499.19,50,2025,4
2025-12-29,Ginger,9800000.0,NGN,NGN/MT,Agricom,wholesale,National,1650.0,,0.98,True,From Agricom Threads - Dec 30,Agricome,historical,False,,9800000.0,1610.0,1380.0,924.2857142857144,24.2,26.1,1,0,0,0,0,0,0,0,0,1,0,1,1,1,1,0,0,0,0,1,-2.4492935982947064e-16,1.0,0.120536680255323,0.992708874098054,6086.96,9800000.0,9800000.0,9000000.0,12000000.0,12400000.0,14000000.0,,9600000.0,399999.99999999977,9787500.0,546253.4733462933,10575000.0,1243254.5267087575,11769487.17923077,1448881.4664221809,9800000.0,9000000.0,12200000.0,9000000.0,0.0,8.888888888888879,-20.967741935483875,,-18.433,0.0,-1.998,16.097893045681612,1.0,0,0,0.333,7890499.19,51,2025,4
2026-01-05,Ginger,8500000.0,NGN,NGN/MT,Agricom,wholesale,National,1650.0,,0.98,True,From Agricom Threads - Jan 9,Agricome,historical,False,,8500000.0,1590.0,1380.0,924.2857142857144,24.2,26.1,1,0,0,0,0,0,0,0,0,1,0,0,1,0,0,0,0,0,0,1,0.4999999999999999,0.8660254037844387,0.2393156642875577,0.970941817426052,5345.91,9800000.0,9800000.0,9000000.0,10500000.0,12200000.0,14000000.0,13450000.0,9475000.0,650000.0,9537500.0,625499.8001598676,10266666.666666666,1262273.081917432,11557948.717692308,1510395.1142216946,9800000.0,8500000.0,12200000.0,8500000.0,-13.265306122448983,-5.555555555555558,-30.327868852459016,-36.80297397769516,-18.022,-13.265306122448983,-2.573,15.955576839107596,1.0,0,0,0.333,6843800.32,52,2026,1
2026-01-12,Ginger,8500000.0,NGN,NGN/MT,Agricom,wholesale,National,1650.0,,0.98,True,From Agricom Threads - Jan 16,Agricome,historical,False,,8500000.0,1590.0,1380.0,1128.8472222222222,24.2,26.1,1,0,0,0,0,0,0,0,0,1,0,0,1,0,0,0,0,0,0,1,0.4999999999999999,0.8660254037844387,0.3546048870425356,0.9350162426854148,5345.91,8500000.0,9800000.0,9800000.0,10200000.0,12200000.0,13800000.0,13700000.0,9150000.0,750555.3499465133,9325000.0,656288.2641906084,9958333.333333334,1197313.9129153239,11354102.563846154,1552755.0588392622,9800000.0,8500000.0,12200000.0,8500000.0,0.0,-13.265306122448983,-30.327868852459016,-37.95620437956204,-19.412,13.265306122448983,-2.374,15.955576839107596,1.066,0,0,0.333,6843800.32,53,2026,1
2026-01-19,Ginger,8740000.0,NGN,NGN/MT,Interpolated,wholesale,National,,,0.69,False,Gap-filled by interpolation,Interpolated,historical,False,,8740000.0,1590.0,1380.0,1128.8472222222222,24.2,26.1,1,0,0,0,0,0,0,0,0,1,0,0,1,0,0,0,0,0,0,1,0.4999999999999999,0.8660254037844387,0.4647231720437685,0.8854560256532099,5496.86,8500000.0,8500000.0,9800000.0,10200000.0,12200000.0,13000000.0,13700000.0,8885000.0,620403.094769844,9142500.0,576336.9550135783,9670000.0,1010436.4493533549,11190256.41,1596280.3769683775,9800000.0,8500000.0,12000000.0,8500000.0,2.8235294117647136,-10.81632653061224,-28.36065573770492,-36.2043795620438,-20.601,2.8235294117647136,-2.095,15.983420862048188,1.066,0,0,0.333,7037037.04,54,2026,1
2026-01-26,Ginger,8980000.0,NGN,NGN/MT,Interpolated,wholesale,National,,,0.69,False,Gap-filled by interpolation,Interpolated,historical,False,,8980000.0,1590.0,1380.0,1128.8472222222222,24.2,26.1,1,0,0,0,0,0,0,0,0,1,0,0,1,0,0,0,0,0,0,1,0.4999999999999999,0.8660254037844387,0.5680647467311558,0.8229838658936564,5647.8,8740000.0,8500000.0,9800000.0,9000000.0,12000000.0,12933333.33,13700000.0,8680000.0,229782.50586152115,9140000.0,577086.2772832231,9418333.333333334,708260.7805980289,11038205.128076924,1611813.6727993258,8980000.0,8500000.0,10500000.0,8500000.0,2.7459954233409523,-8.36734693877551,-25.16666666666667,-34.45255474452554,-21.364,-0.07753398842376136,-1.857,16.01051055163695,1.066,0,0,0.333,7230273.75,55,2026,1
2026-02-02,Ginger,9220000.0,NGN,NGN/MT,Interpolated,wholesale,National,,,0.69,False,Gap-filled by interpolation,Interpolated,historical,False,,9220000.0,1600.0,1380.0,1128.8472222222222,24.2,26.1,1,0,0,0,0,0,0,0,1,1,0,0,1,0,0,0,0,0,0,0,0.8660254037844386,0.5000000000000001,0.6631226582407952,0.7485107481711011,5762.5,8980000.0,8740000.0,8500000.0,9000000.0,10500000.0,12866666.67,14000000.0,8860000.0,309838.66769659333,9167500.0,574698.678812305,9311666.666666666,621637.6221990823,10897948.717692308,1604988.632932226,9220000.0,8500000.0,10200000.0,8500000.0,2.6726057906458767,8.47058823529412,-12.190476190476197,-34.14285714285714,-18.7,-0.07338963269507559,-1.648,16.036885703992642,1.066,0,0,0.333,7423510.47,56,2026,1
2026-02-09,Ginger,9460000.0,NGN,NGN/MT,Interpolated,wholesale,National,,,0.69,False,Gap-filled by interpolation,Interpolated,historical,False,,9460000.0,1600.0,1380.0,1075.261304347826,24.2,26.1,1,0,0,0,0,0,0,0,1,1,0,0,1,0,0,0,0,0,0,0,0.8660254037844386,0.5000000000000001,0.7485107481711011,0.6631226582407953,5912.5,9220000.0,8980000.0,8500000.0,9800000.0,10200000.0,12800000.0,14300000.0,9100000.0,309838.66769659333,9125000.0,532245.9152363238,9250000.0,559057.6486780677,10769487.17923077,1580133.5221020337,9460000.0,8740000.0,10200000.0,8500000.0,2.6030368763557465,11.294117647058833,-7.25490196078431,-33.84615384615385,-15.502,-0.06956891429013012,-1.46,16.0625830467363,1.049,0,0,0.333,7616747.18,57,2026,1
2026-02-16,Ginger,9700000.0,NGN,NGN/MT,Agricom,wholesale,National,1650.0,,0.98,True,From Agricom Threads - Feb 23,Agricome,historical,False,,9700000.0,1600.0,1380.0,1075.261304347826,24.2,26.1,1,0,0,0,0,0,0,0,1,1,0,0,1,0,0,0,0,0,0,0,0.8660254037844386,0.5000000000000001,0.8229838658936564,0.5680647467311559,6062.5,9460000.0,9220000.0,8740000.0,9800000.0,10200000.0,12733333.33,14300000.0,9340000.0,309838.66769659333,9112500.0,515024.2712727604,9208333.333333334,497006.1886084986,10652820.512692306,1540827.971271306,9700000.0,8980000.0,9800000.0,8500000.0,2.5369978858351017,10.983981693363853,-4.90196078431373,-32.16783216783217,-12.324,-0.06603899052064488,-1.287,16.08763654656639,1.049,0,0,0.333,7809983.9,58,2026,1
2026-02-23,Ginger,9700000.0,NGN,NGN/MT,Agricom,wholesale,National,1650.0,,0.98,True,From Agricom Threads - Feb 26,Agricome,historical,False,,9700000.0,1600.0,1380.0,1075.261304347826,24.2,26.1,1,0,0,0,0,0,0,0,1,1,0,0,1,0,0,0,0,1,0,0,0.8660254037844386,0.5000000000000001,0.8854560256532099,0.4647231720437686,6062.5,9700000.0,9460000.0,8980000.0,9800000.0,9000000.0,12733333.33,14300000.0,9520000.0,229782.50586152115,9100000.0,496847.2027265333,9266666.666666666,511207.7203381502,10536153.846153846,1491029.3811272231,9700000.0,9220000.0,9800000.0,8500000.0,0.0,8.01781737193763,7.777777777777772,-32.16783216783217,-9.644,-2.5369978858351017,-1.236,16.08763654656639,1.049,0,0,0.333,7809983.9,59,2026,1
2026-03-02,Ginger,9900000.0,NGN,NGN/MT,Agricom,wholesale,National,1650.0,,0.98,True,Historical data from Instagram posts,Agricome,historical,False,,9900000.0,1620.0,1380.0,1075.261304347826,24.2,26.1,1,0,0,1,0,0,0,0,1,1,0,0,0,0,0,0,0,1,0,0,1.0,6.123233995736766e-17,0.9350162426854148,0.3546048870425355,6111.11,9700000.0,9700000.0,9220000.0,8500000.0,9000000.0,12600000.0,14293333.33,9690000.0,180000.0,9275000.0,501853.7066289134,9341666.666666666,534038.3597616982,10432307.692307692,1434490.3142016944,9900000.0,9460000.0,9900000.0,8500000.0,2.0618556701030855,7.375271149674623,10.000000000000009,-30.736940282354695,-7.115,2.0618556701030855,-1.094,16.108045416114916,1.049,0,0,0.0,7971014.49,60,2026,1
2026-03-09,Ginger,9900000.0,NGN,NGN/MT,Agricom,wholesale,National,1650.0,,0.98,True,Historical data from Instagram posts (Jan-Feb 2025),Agricome,historical,False,,9900000.0,1620.0,1380.0,1082.29875,24.2,26.1,1,0,0,1,0,0,0,0,1,1,0,0,0,0,0,0,0,1,0,0,1.0,6.123233995736766e-17,0.970941817426052,0.239315664287558,6111.11,9900000.0,9700000.0,9460000.0,8500000.0,9800000.0,12280000.0,14286666.67,9800000.0,115470.05383792546,9450000.0,432269.75704665965,9350000.0,542552.8880797075,10340769.23076923,1387019.6049859568,9900000.0,9700000.0,9900000.0,8500000.0,0.0,4.651162790697683,1.0204081632652962,-30.704619708188375,-5.229,-2.0618556701030855,-1.053,16.108045416114916,1.051,0,0,0.0,7971014.49,61,2026,1
2026-03-16,Ginger,9900000.0,NGN,NGN/MT,Agricom,wholesale,National,1650.0,,0.98,True,Historical data from Agricom Instagram post,Agricome,historical,False,,9900000.0,1620.0,1380.0,1200.0,24.2,26.1,1,0,0,1,0,0,0,0,1,1,0,0,0,0,0,0,0,1,0,0,1.0,6.123233995736766e-17,0.992708874098054,0.120536680255323,6111.11,9900000.0,9900000.0,9700000.0,8740000.0,9800000.0,12280000.0,14280000.0,9850000.0,100000.00000000017,9595000.0,346038.80872366193,9358333.333333334,550798.3186964019,10249230.76923077,1331335.9398046008,9900000.0,9700000.0,9900000.0,8500000.0,0.0,2.0618556701030855,1.0204081632652962,-30.672268907563026,-3.895,0.0,-1.014,16.108045416114916,1.089,1,2,0.0,7971014.49,62,2026,1
2026-03-23,Ginger,9900000.0,NGN,NGN/MT,Agrolinking Forecast,wholesale,National,,,0.83,False,Carry-forward from old Agrolinking pipeline — bridge estimate,Agrolinking_old,carry_forward,False,,9404270.0,1620.0,1450.0,1250.0,24.2,26.1,1,0,0,1,0,0,0,0,1,1,0,0,0,0,0,0,0,0,0,0,1.0,6.123233995736766e-17,1.0,-1.6081226496766364e-16,6111.11,9900000.0,9900000.0,9700000.0,8980000.0,9800000.0,12280000.0,14273333.33,9900000.0,0.0,9710000.0,252756.23490973908,9366666.666666666,558786.5641212391,10157692.307692308,1266356.3722501167,9900000.0,9900000.0,9900000.0,8500000.0,0.0,2.0618556701030855,1.0204081632652962,-30.639887886651074,-2.537,0.0,-0.976,16.108045416114916,1.141,1,2,0.0,7971014.49,63,2026,1
2026-03-30,Ginger,9681754.0,NGN,NGN/MT,Agrolinking AI Pipeline,wholesale,National,,,0.83,False,Carry-forward from old Agrolinking pipeline — bridge estimate,Agrolinking_old,carry_forward,False,,9959238.0,1620.0,1420.0,1270.0,24.2,26.1,1,0,0,1,0,0,0,0,1,1,0,0,0,0,0,0,0,0,0,0,1.0,6.123233995736766e-17,0.992708874098054,-0.1205366802553228,5976.39,9900000.0,9900000.0,9900000.0,9220000.0,8500000.0,12400000.0,14273333.33,9845438.5,109123.0,9767719.25,160910.68594175696,9465146.166666666,492346.61110567045,10053144.384615384,1183314.8025863029,9900000.0,9681754.0,9900000.0,8500000.0,-2.2045050505050456,-2.2045050505050456,13.902988235294123,-32.16893506122581,-2.066,-2.2045050505050456,-1.043,16.085753744472495,1.133,1,2,0.0,7795293.08,64,2026,1
