fetched_at_utc,commodity,code,price_ngn,pct_change_text,color_class
2026-09-29T08:39:45.581521+00:00,Cocoa,COCOND,3500.0,30%,red
2026-09-29T08:39:45.581521+00:00,Maize White,MZWPLT,269.0,4.26%,green
2026-09-29T08:39:45.581521+00:00,Maize White,MZWKAN,305.0,22%,green
2026-09-29T08:39:45.581521+00:00,Maize White,MZWKAD,273.0,12.81%,green
2026-09-29T08:39:45.581521+00:00,Millet Gero,MLGSKT,390.0,14.71%,green
2026-09-29T08:39:45.581521+00:00,Millet Gero,MLGJIG,304.0,5.88%,red
2026-09-29T08:39:45.581521+00:00,Paddy,PDREBO,506.0,2.64%,green
2026-09-29T08:39:45.581521+00:00,Paddy,PDRTRB,357.0,25.26%,green
2026-09-29T08:39:45.581521+00:00,Sesame,SESNAS,1100.0,0%,red
2026-09-29T08:39:45.581521+00:00,Sesame,SESKAN,1250.0,8.7%,green
2026-09-29T08:39:45.581521+00:00,Sorghum,SGWKAD,276.0,3.76%,green
2026-09-29T08:39:45.581521+00:00,Sorghum,SGWYBE,261.0,0%,red
2026-09-29T08:39:45.581521+00:00,Soya,SOYKAD,695.0,11.56%,green
2026-09-29T08:39:45.581521+00:00,Soya,SOYNAS,687.0,5.69%,green
2026-09-30T12:50:03.959773+00:00,Cocoa,COCOND,3500.0,30%,red
2026-09-30T12:50:03.959773+00:00,Maize White,MZWPLT,269.0,4.26%,green
2026-09-30T12:50:03.959773+00:00,Maize White,MZWKAN,305.0,22%,green
2026-09-30T12:50:03.959773+00:00,Maize White,MZWKAD,273.0,12.81%,green
2026-09-30T12:50:03.959773+00:00,Millet Gero,MLGSKT,390.0,14.71%,green
2026-09-30T12:50:03.959773+00:00,Millet Gero,MLGJIG,304.0,5.88%,red
2026-09-30T12:50:03.959773+00:00,Paddy,PDREBO,506.0,2.64%,green
2026-09-30T12:50:03.959773+00:00,Paddy,PDRTRB,357.0,25.26%,green
2026-09-30T12:50:03.959773+00:00,Sesame,SESNAS,1100.0,0%,red
2026-09-30T12:50:03.959773+00:00,Sesame,SESKAN,1250.0,8.7%,green
2026-09-30T12:50:03.959773+00:00,Sorghum,SGWKAD,276.0,3.76%,green
2026-09-30T12:50:03.959773+00:00,Sorghum,SGWYBE,261.0,0%,red
2026-09-30T12:50:03.959773+00:00,Soya,SOYKAD,695.0,11.56%,green
2026-09-30T12:50:03.959773+00:00,Soya,SOYNAS,687.0,5.69%,green
2026-10-01T13:36:02.244703+00:00,Cocoa,COCOND,3500.0,30%,red
2026-10-01T13:36:02.244703+00:00,Maize White,MZWPLT,269.0,4.26%,green
2026-10-01T13:36:02.244703+00:00,Maize White,MZWKAN,305.0,22%,green
2026-10-01T13:36:02.244703+00:00,Maize White,MZWKAD,273.0,12.81%,green
2026-10-01T13:36:02.244703+00:00,Millet Gero,MLGSKT,390.0,14.71%,green
2026-10-01T13:36:02.244703+00:00,Millet Gero,MLGJIG,304.0,5.88%,red
2026-10-01T13:36:02.244703+00:00,Paddy,PDREBO,506.0,2.64%,green
2026-10-01T13:36:02.244703+00:00,Paddy,PDRTRB,357.0,25.26%,green
2026-10-01T13:36:02.244703+00:00,Sesame,SESNAS,1100.0,0%,red
2026-10-01T13:36:02.244703+00:00,Sesame,SESKAN,1250.0,8.7%,green
2026-10-01T13:36:02.244703+00:00,Sorghum,SGWKAD,276.0,3.76%,green
2026-10-01T13:36:02.244703+00:00,Sorghum,SGWYBE,261.0,0%,red
2026-10-01T13:36:02.244703+00:00,Soya,SOYKAD,695.0,11.56%,green
2026-10-01T13:36:02.244703+00:00,Soya,SOYNAS,687.0,5.69%,green
2026-10-02T12:55:01.615364+00:00,Cocoa,COCOND,3500.0,30%,red
2026-10-02T12:55:01.615364+00:00,Maize White,MZWPLT,269.0,4.26%,green
2026-10-02T12:55:01.615364+00:00,Maize White,MZWKAN,305.0,22%,green
2026-10-02T12:55:01.615364+00:00,Maize White,MZWKAD,273.0,12.81%,green
2026-10-02T12:55:01.615364+00:00,Millet Gero,MLGSKT,390.0,14.71%,green
2026-10-02T12:55:01.615364+00:00,Millet Gero,MLGJIG,304.0,5.88%,red
2026-10-02T12:55:01.615364+00:00,Paddy,PDREBO,506.0,2.64%,green
2026-10-02T12:55:01.615364+00:00,Paddy,PDRTRB,357.0,25.26%,green
2026-10-02T12:55:01.615364+00:00,Sesame,SESNAS,1100.0,0%,red
2026-10-02T12:55:01.615364+00:00,Sesame,SESKAN,1250.0,8.7%,green
2026-10-02T12:55:01.615364+00:00,Sorghum,SGWKAD,276.0,3.76%,green
2026-10-02T12:55:01.615364+00:00,Sorghum,SGWYBE,261.0,0%,red
2026-10-02T12:55:01.615364+00:00,Soya,SOYKAD,695.0,11.56%,green
2026-10-02T12:55:01.615364+00:00,Soya,SOYNAS,687.0,5.69%,green
2026-10-03T11:51:49.014654+00:00,Cocoa,COCOND,3500.0,30%,red
2026-10-03T11:51:49.014654+00:00,Maize White,MZWPLT,269.0,4.26%,green
2026-10-03T11:51:49.014654+00:00,Maize White,MZWKAN,305.0,22%,green
2026-10-03T11:51:49.014654+00:00,Maize White,MZWKAD,273.0,12.81%,green
2026-10-03T11:51:49.014654+00:00,Millet Gero,MLGSKT,390.0,14.71%,green
2026-10-03T11:51:49.014654+00:00,Millet Gero,MLGJIG,304.0,5.88%,red
2026-10-03T11:51:49.014654+00:00,Paddy,PDREBO,506.0,2.64%,green
2026-10-03T11:51:49.014654+00:00,Paddy,PDRTRB,357.0,25.26%,green
2026-10-03T11:51:49.014654+00:00,Sesame,SESNAS,1100.0,0%,red
2026-10-03T11:51:49.014654+00:00,Sesame,SESKAN,1250.0,8.7%,green
2026-10-03T11:51:49.014654+00:00,Sorghum,SGWKAD,276.0,3.76%,green
2026-10-03T11:51:49.014654+00:00,Sorghum,SGWYBE,261.0,0%,red
2026-10-03T11:51:49.014654+00:00,Soya,SOYKAD,695.0,11.56%,green
2026-10-03T11:51:49.014654+00:00,Soya,SOYNAS,687.0,5.69%,green
2026-10-04T12:36:22.861164+00:00,Cocoa,COCOND,3500.0,30%,red
2026-10-04T12:36:22.861164+00:00,Maize White,MZWPLT,269.0,4.26%,green
2026-10-04T12:36:22.861164+00:00,Maize White,MZWKAN,305.0,22%,green
2026-10-04T12:36:22.861164+00:00,Maize White,MZWKAD,273.0,12.81%,green
2026-10-04T12:36:22.861164+00:00,Millet Gero,MLGSKT,390.0,14.71%,green
2026-10-04T12:36:22.861164+00:00,Millet Gero,MLGJIG,304.0,5.88%,red
2026-10-04T12:36:22.861164+00:00,Paddy,PDREBO,506.0,2.64%,green
2026-10-04T12:36:22.861164+00:00,Paddy,PDRTRB,357.0,25.26%,green
2026-10-04T12:36:22.861164+00:00,Sesame,SESNAS,1100.0,0%,red
2026-10-04T12:36:22.861164+00:00,Sesame,SESKAN,1250.0,8.7%,green
2026-10-04T12:36:22.861164+00:00,Sorghum,SGWKAD,276.0,3.76%,green
2026-10-04T12:36:22.861164+00:00,Sorghum,SGWYBE,261.0,0%,red
2026-10-04T12:36:22.861164+00:00,Soya,SOYKAD,695.0,11.56%,green
2026-10-04T12:36:22.861164+00:00,Soya,SOYNAS,687.0,5.69%,green
2026-10-05T15:02:34.823417+00:00,Cocoa,COCOND,3500.0,30%,red
2026-10-05T15:02:34.823417+00:00,Maize White,MZWPLT,269.0,4.26%,green
2026-10-05T15:02:34.823417+00:00,Maize White,MZWKAN,305.0,22%,green
2026-10-05T15:02:34.823417+00:00,Maize White,MZWKAD,273.0,12.81%,green
2026-10-05T15:02:34.823417+00:00,Millet Gero,MLGSKT,390.0,14.71%,green
2026-10-05T15:02:34.823417+00:00,Millet Gero,MLGJIG,304.0,5.88%,red
2026-10-05T15:02:34.823417+00:00,Paddy,PDREBO,506.0,2.64%,green
2026-10-05T15:02:34.823417+00:00,Paddy,PDRTRB,357.0,25.26%,green
2026-10-05T15:02:34.823417+00:00,Sesame,SESNAS,1100.0,0%,red
2026-10-05T15:02:34.823417+00:00,Sesame,SESKAN,1250.0,8.7%,green
2026-10-05T15:02:34.823417+00:00,Sorghum,SGWKAD,276.0,3.76%,green
2026-10-05T15:02:34.823417+00:00,Sorghum,SGWYBE,261.0,0%,red
2026-10-05T15:02:34.823417+00:00,Soya,SOYKAD,695.0,11.56%,green
2026-10-05T15:02:34.823417+00:00,Soya,SOYNAS,687.0,5.69%,green
2026-10-06T13:28:22.145141+00:00,Cocoa,COCOND,3500.0,30%,red
2026-10-06T13:28:22.145141+00:00,Maize White,MZWPLT,269.0,4.26%,green
2026-10-06T13:28:22.145141+00:00,Maize White,MZWKAN,305.0,22%,green
2026-10-06T13:28:22.145141+00:00,Maize White,MZWKAD,273.0,12.81%,green
2026-10-06T13:28:22.145141+00:00,Millet Gero,MLGSKT,390.0,14.71%,green
2026-10-06T13:28:22.145141+00:00,Millet Gero,MLGJIG,304.0,5.88%,red
2026-10-06T13:28:22.145141+00:00,Paddy,PDREBO,506.0,2.64%,green
2026-10-06T13:28:22.145141+00:00,Paddy,PDRTRB,357.0,25.26%,green
2026-10-06T13:28:22.145141+00:00,Sesame,SESNAS,1100.0,0%,red
2026-10-06T13:28:22.145141+00:00,Sesame,SESKAN,1250.0,8.7%,green
2026-10-06T13:28:22.145141+00:00,Sorghum,SGWKAD,276.0,3.76%,green
2026-10-06T13:28:22.145141+00:00,Sorghum,SGWYBE,261.0,0%,red
2026-10-06T13:28:22.145141+00:00,Soya,SOYKAD,695.0,11.56%,green
2026-10-06T13:28:22.145141+00:00,Soya,SOYNAS,687.0,5.69%,green
2026-10-07T13:39:42.106167+00:00,Cocoa,COCOND,3500.0,30%,red
2026-10-07T13:39:42.106167+00:00,Maize White,MZWPLT,269.0,4.26%,green
2026-10-07T13:39:42.106167+00:00,Maize White,MZWKAN,305.0,22%,green
2026-10-07T13:39:42.106167+00:00,Maize White,MZWKAD,273.0,12.81%,green
2026-10-07T13:39:42.106167+00:00,Millet Gero,MLGSKT,390.0,14.71%,green
2026-10-07T13:39:42.106167+00:00,Millet Gero,MLGJIG,304.0,5.88%,red
2026-10-07T13:39:42.106167+00:00,Paddy,PDREBO,506.0,2.64%,green
2026-10-07T13:39:42.106167+00:00,Paddy,PDRTRB,357.0,25.26%,green
2026-10-07T13:39:42.106167+00:00,Sesame,SESNAS,1100.0,0%,red
2026-10-07T13:39:42.106167+00:00,Sesame,SESKAN,1250.0,8.7%,green
2026-10-07T13:39:42.106167+00:00,Sorghum,SGWKAD,276.0,3.76%,green
2026-10-07T13:39:42.106167+00:00,Sorghum,SGWYBE,261.0,0%,red
2026-10-07T13:39:42.106167+00:00,Soya,SOYKAD,695.0,11.56%,green
2026-10-07T13:39:42.106167+00:00,Soya,SOYNAS,687.0,5.69%,green
2026-10-08T13:46:52.614971+00:00,Cocoa,COCOND,3500.0,30%,red
2026-10-08T13:46:52.614971+00:00,Maize White,MZWPLT,269.0,4.26%,green
2026-10-08T13:46:52.614971+00:00,Maize White,MZWKAN,305.0,22%,green
2026-10-08T13:46:52.614971+00:00,Maize White,MZWKAD,273.0,12.81%,green
2026-10-08T13:46:52.614971+00:00,Millet Gero,MLGSKT,390.0,14.71%,green
2026-10-08T13:46:52.614971+00:00,Millet Gero,MLGJIG,304.0,5.88%,red
2026-10-08T13:46:52.614971+00:00,Paddy,PDREBO,506.0,2.64%,green
2026-10-08T13:46:52.614971+00:00,Paddy,PDRTRB,357.0,25.26%,green
2026-10-08T13:46:52.614971+00:00,Sesame,SESNAS,1100.0,0%,red
2026-10-08T13:46:52.614971+00:00,Sesame,SESKAN,1250.0,8.7%,green
2026-10-08T13:46:52.614971+00:00,Sorghum,SGWKAD,276.0,3.76%,green
2026-10-08T13:46:52.614971+00:00,Sorghum,SGWYBE,261.0,0%,red
2026-10-08T13:46:52.614971+00:00,Soya,SOYKAD,695.0,11.56%,green
2026-10-08T13:46:52.614971+00:00,Soya,SOYNAS,687.0,5.69%,green
2026-10-09T13:32:17.905850+00:00,Cocoa,COCOND,3500.0,30%,red
2026-10-09T13:32:17.905850+00:00,Maize White,MZWPLT,269.0,4.26%,green
2026-10-09T13:32:17.905850+00:00,Maize White,MZWKAN,305.0,22%,green
2026-10-09T13:32:17.905850+00:00,Maize White,MZWKAD,273.0,12.81%,green
2026-10-09T13:32:17.905850+00:00,Millet Gero,MLGSKT,390.0,14.71%,green
2026-10-09T13:32:17.905850+00:00,Millet Gero,MLGJIG,304.0,5.88%,red
2026-10-09T13:32:17.905850+00:00,Paddy,PDREBO,506.0,2.64%,green
2026-10-09T13:32:17.905850+00:00,Paddy,PDRTRB,357.0,25.26%,green
2026-10-09T13:32:17.905850+00:00,Sesame,SESNAS,1100.0,0%,red
2026-10-09T13:32:17.905850+00:00,Sesame,SESKAN,1250.0,8.7%,green
2026-10-09T13:32:17.905850+00:00,Sorghum,SGWKAD,276.0,3.76%,green
2026-10-09T13:32:17.905850+00:00,Sorghum,SGWYBE,261.0,0%,red
2026-10-09T13:32:17.905850+00:00,Soya,SOYKAD,695.0,11.56%,green
2026-10-09T13:32:17.905850+00:00,Soya,SOYNAS,687.0,5.69%,green
