date,fx_rate_usd_ngn
2002-01-07,120.97
2002-01-14,120.97
2002-01-21,120.97
2002-01-28,120.97
2002-02-04,120.97
2002-02-11,120.97
2002-02-18,120.97
2002-02-25,120.97
2002-03-04,120.97
2002-03-11,120.97
2002-03-18,120.97
2002-03-25,120.97
2002-04-01,120.97
2002-04-08,120.97
2002-04-15,120.97
2002-04-22,120.97
2002-04-29,120.97
2002-05-06,120.97
2002-05-13,120.97
2002-05-20,120.97
2002-05-27,120.97
2002-06-03,120.97
2002-06-10,120.97
2002-06-17,120.97
2002-06-24,120.97
2002-07-01,120.97
2002-07-08,120.97
2002-07-15,120.97
2002-07-22,120.97
2002-07-29,120.97
2002-08-05,120.97
2002-08-12,120.97
2002-08-19,120.97
2002-08-26,120.97
2002-09-02,120.97
2002-09-09,120.97
2002-09-16,120.97
2002-09-23,120.97
2002-09-30,120.97
2002-10-07,120.97
2002-10-14,120.97
2002-10-21,120.97
2002-10-28,120.97
2002-11-04,120.97
2002-11-11,120.97
2002-11-18,120.97
2002-11-25,120.97
2002-12-02,120.97
2002-12-09,120.97
2002-12-16,120.97
2002-12-23,120.97
2002-12-30,120.97
2003-01-06,129.22
2003-01-13,129.22
2003-01-20,129.22
2003-01-27,129.22
2003-02-03,129.22
2003-02-10,129.22
2003-02-17,129.22
2003-02-24,129.22
2003-03-03,129.22
2003-03-10,129.22
2003-03-17,129.22
2003-03-24,129.22
2003-03-31,129.22
2003-04-07,129.22
2003-04-14,129.22
2003-04-21,129.22
2003-04-28,129.22
2003-05-05,129.22
2003-05-12,129.22
2003-05-19,129.22
2003-05-26,129.22
2003-06-02,129.22
2003-06-09,129.22
2003-06-16,129.22
2003-06-23,129.22
2003-06-30,129.22
2003-07-07,129.22
2003-07-14,129.22
2003-07-21,129.22
2003-07-28,129.22
2003-08-04,129.22
2003-08-11,129.22
2003-08-18,129.22
2003-08-25,129.22
2003-09-01,129.22
2003-09-08,129.22
2003-09-15,129.22
2003-09-22,129.22
2003-09-29,129.22
2003-10-06,129.22
2003-10-13,129.22
2003-10-20,129.22
2003-10-27,129.22
2003-11-03,129.22
2003-11-10,129.22
2003-11-17,129.22
2003-11-24,129.22
2003-12-01,129.22
2003-12-08,129.22
2003-12-15,129.22
2003-12-22,129.22
2003-12-29,129.22
2004-01-05,133.5
2004-01-12,133.5
2004-01-19,133.5
2004-01-26,133.5
2004-02-02,133.5
2004-02-09,133.5
2004-02-16,133.5
2004-02-23,133.5
2004-03-01,133.5
2004-03-08,133.5
2004-03-15,133.5
2004-03-22,133.5
2004-03-29,133.5
2004-04-05,133.5
2004-04-12,133.5
2004-04-19,133.5
2004-04-26,133.5
2004-05-03,133.5
2004-05-10,133.5
2004-05-17,133.5
2004-05-24,133.5
2004-05-31,133.5
2004-06-07,133.5
2004-06-14,133.5
2004-06-21,133.5
2004-06-28,133.5
2004-07-05,133.5
2004-07-12,133.5
2004-07-19,133.5
2004-07-26,133.5
2004-08-02,133.5
2004-08-09,133.5
2004-08-16,133.5
2004-08-23,133.5
2004-08-30,133.5
2004-09-06,133.5
2004-09-13,133.5
2004-09-20,133.5
2004-09-27,133.5
2004-10-04,133.5
2004-10-11,133.5
2004-10-18,133.5
2004-10-25,133.5
2004-11-01,133.5
2004-11-08,133.5
2004-11-15,133.5
2004-11-22,133.5
2004-11-29,133.5
2004-12-06,133.5
2004-12-13,133.5
2004-12-20,133.5
2004-12-27,133.5
2005-01-03,132.15
2005-01-10,132.15
2005-01-17,132.15
2005-01-24,132.15
2005-01-31,132.15
2005-02-07,132.15
2005-02-14,132.15
2005-02-21,132.15
2005-02-28,132.15
2005-03-07,132.15
2005-03-14,132.15
2005-03-21,132.15
2005-03-28,132.15
2005-04-04,132.15
2005-04-11,132.15
2005-04-18,132.15
2005-04-25,132.15
2005-05-02,132.15
2005-05-09,132.15
2005-05-16,132.15
2005-05-23,132.15
2005-05-30,132.15
2005-06-06,132.15
2005-06-13,132.15
2005-06-20,132.15
2005-06-27,132.15
2005-07-04,132.15
2005-07-11,132.15
2005-07-18,132.15
2005-07-25,132.15
2005-08-01,132.15
2005-08-08,132.15
2005-08-15,132.15
2005-08-22,132.15
2005-08-29,132.15
2005-09-05,132.15
2005-09-12,132.15
2005-09-19,132.15
2005-09-26,132.15
2005-10-03,132.15
2005-10-10,132.15
2005-10-17,132.15
2005-10-24,132.15
2005-10-31,132.15
2005-11-07,132.15
2005-11-14,132.15
2005-11-21,132.15
2005-11-28,132.15
2005-12-05,132.15
2005-12-12,132.15
2005-12-19,132.15
2005-12-26,132.15
2006-01-02,128.65
2006-01-09,128.65
2006-01-16,128.65
2006-01-23,128.65
2006-01-30,128.65
2006-02-06,128.65
2006-02-13,128.65
2006-02-20,128.65
2006-02-27,128.65
2006-03-06,128.65
2006-03-13,128.65
2006-03-20,128.65
2006-03-27,128.65
2006-04-03,128.65
2006-04-10,128.65
2006-04-17,128.65
2006-04-24,128.65
2006-05-01,128.65
2006-05-08,128.65
2006-05-15,128.65
2006-05-22,128.65
2006-05-29,128.65
2006-06-05,128.65
2006-06-12,128.65
2006-06-19,128.65
2006-06-26,128.65
2006-07-03,128.65
2006-07-10,128.65
2006-07-17,128.65
2006-07-24,128.65
2006-07-31,128.65
2006-08-07,128.65
2006-08-14,128.65
2006-08-21,128.65
2006-08-28,128.65
2006-09-04,128.65
2006-09-11,128.65
2006-09-18,128.65
2006-09-25,128.65
2006-10-02,128.65
2006-10-09,128.65
2006-10-16,128.65
2006-10-23,128.65
2006-10-30,128.65
2006-11-06,128.65
2006-11-13,128.65
2006-11-20,128.65
2006-11-27,128.65
2006-12-04,128.65
2006-12-11,128.65
2006-12-18,128.65
2006-12-25,128.65
2007-01-01,125.83
2007-01-08,125.83
2007-01-15,125.83
2007-01-22,125.83
2007-01-29,125.83
2007-02-05,125.83
2007-02-12,125.83
2007-02-19,125.83
2007-02-26,125.83
2007-03-05,125.83
2007-03-12,125.83
2007-03-19,125.83
2007-03-26,125.83
2007-04-02,125.83
2007-04-09,125.83
2007-04-16,125.83
2007-04-23,125.83
2007-04-30,125.83
2007-05-07,125.83
2007-05-14,125.83
2007-05-21,125.83
2007-05-28,125.83
2007-06-04,125.83
2007-06-11,125.83
2007-06-18,125.83
2007-06-25,125.83
2007-07-02,125.83
2007-07-09,125.83
2007-07-16,125.83
2007-07-23,125.83
2007-07-30,125.83
2007-08-06,125.83
2007-08-13,125.83
2007-08-20,125.83
2007-08-27,125.83
2007-09-03,125.83
2007-09-10,125.83
2007-09-17,125.83
2007-09-24,125.83
2007-10-01,125.83
2007-10-08,125.83
2007-10-15,125.83
2007-10-22,125.83
2007-10-29,125.83
2007-11-05,125.83
2007-11-12,125.83
2007-11-19,125.83
2007-11-26,125.83
2007-12-03,125.83
2007-12-10,125.83
2007-12-17,125.83
2007-12-24,125.83
2007-12-31,125.83
2008-01-07,118.57
2008-01-14,118.57
2008-01-21,118.57
2008-01-28,118.57
2008-02-04,118.57
2008-02-11,118.57
2008-02-18,118.57
2008-02-25,118.57
2008-03-03,118.57
2008-03-10,118.57
2008-03-17,118.57
2008-03-24,118.57
2008-03-31,118.57
2008-04-07,118.57
2008-04-14,118.57
2008-04-21,118.57
2008-04-28,118.57
2008-05-05,118.57
2008-05-12,118.57
2008-05-19,118.57
2008-05-26,118.57
2008-06-02,118.57
2008-06-09,118.57
2008-06-16,118.57
2008-06-23,118.57
2008-06-30,118.57
2008-07-07,118.57
2008-07-14,118.57
2008-07-21,118.57
2008-07-28,118.57
2008-08-04,118.57
2008-08-11,118.57
2008-08-18,118.57
2008-08-25,118.57
2008-09-01,118.57
2008-09-08,118.57
2008-09-15,118.57
2008-09-22,118.57
2008-09-29,118.57
2008-10-06,118.57
2008-10-13,118.57
2008-10-20,118.57
2008-10-27,118.57
2008-11-03,118.57
2008-11-10,118.57
2008-11-17,118.57
2008-11-24,118.57
2008-12-01,118.57
2008-12-08,118.57
2008-12-15,118.57
2008-12-22,118.57
2008-12-29,118.57
2009-01-05,148.88
2009-01-12,148.88
2009-01-19,148.88
2009-01-26,148.88
2009-02-02,148.88
2009-02-09,148.88
2009-02-16,148.88
2009-02-23,148.88
2009-03-02,148.88
2009-03-09,148.88
2009-03-16,148.88
2009-03-23,148.88
2009-03-30,148.88
2009-04-06,148.88
2009-04-13,148.88
2009-04-20,148.88
2009-04-27,148.88
2009-05-04,148.88
2009-05-11,148.88
2009-05-18,148.88
2009-05-25,148.88
2009-06-01,148.88
2009-06-08,148.88
2009-06-15,148.88
2009-06-22,148.88
2009-06-29,148.88
2009-07-06,148.88
2009-07-13,148.88
2009-07-20,148.88
2009-07-27,148.88
2009-08-03,148.88
2009-08-10,148.88
2009-08-17,148.88
2009-08-24,148.88
2009-08-31,148.88
2009-09-07,148.88
2009-09-14,148.88
2009-09-21,148.88
2009-09-28,148.88
2009-10-05,148.88
2009-10-12,148.88
2009-10-19,148.88
2009-10-26,148.88
2009-11-02,148.88
2009-11-09,148.88
2009-11-16,148.88
2009-11-23,148.88
2009-11-30,148.88
2009-12-07,148.88
2009-12-14,148.88
2009-12-21,148.88
2009-12-28,148.88
2010-01-04,150.3
2010-01-11,150.3
2010-01-18,150.3
2010-01-25,150.3
2010-02-01,150.3
2010-02-08,150.3
2010-02-15,150.3
2010-02-22,150.3
2010-03-01,150.3
2010-03-08,150.3
2010-03-15,150.3
2010-03-22,150.3
2010-03-29,150.3
2010-04-05,150.3
2010-04-12,150.3
2010-04-19,150.3
2010-04-26,150.3
2010-05-03,150.3
2010-05-10,150.3
2010-05-17,150.3
2010-05-24,150.3
2010-05-31,150.3
2010-06-07,150.3
2010-06-14,150.3
2010-06-21,150.3
2010-06-28,150.3
2010-07-05,150.3
2010-07-12,150.3
2010-07-19,150.3
2010-07-26,150.3
2010-08-02,150.3
2010-08-09,150.3
2010-08-16,150.3
2010-08-23,150.3
2010-08-30,150.3
2010-09-06,150.3
2010-09-13,150.3
2010-09-20,150.3
2010-09-27,150.3
2010-10-04,150.3
2010-10-11,150.3
2010-10-18,150.3
2010-10-25,150.3
2010-11-01,150.3
2010-11-08,150.3
2010-11-15,150.3
2010-11-22,150.3
2010-11-29,150.3
2010-12-06,150.3
2010-12-13,150.3
2010-12-20,150.3
2010-12-27,150.3
2011-01-03,153.86
2011-01-10,153.86
2011-01-17,153.86
2011-01-24,153.86
2011-01-31,153.86
2011-02-07,153.86
2011-02-14,153.86
2011-02-21,153.86
2011-02-28,153.86
2011-03-07,153.86
2011-03-14,153.86
2011-03-21,153.86
2011-03-28,153.86
2011-04-04,153.86
2011-04-11,153.86
2011-04-18,153.86
2011-04-25,153.86
2011-05-02,153.86
2011-05-09,153.86
2011-05-16,153.86
2011-05-23,153.86
2011-05-30,153.86
2011-06-06,153.86
2011-06-13,153.86
2011-06-20,153.86
2011-06-27,153.86
2011-07-04,153.86
2011-07-11,153.86
2011-07-18,153.86
2011-07-25,153.86
2011-08-01,153.86
2011-08-08,153.86
2011-08-15,153.86
2011-08-22,153.86
2011-08-29,153.86
2011-09-05,153.86
2011-09-12,153.86
2011-09-19,153.86
2011-09-26,153.86
2011-10-03,153.86
2011-10-10,153.86
2011-10-17,153.86
2011-10-24,153.86
2011-10-31,153.86
2011-11-07,153.86
2011-11-14,153.86
2011-11-21,153.86
2011-11-28,153.86
2011-12-05,153.86
2011-12-12,153.86
2011-12-19,153.86
2011-12-26,153.86
2012-01-02,157.5
2012-01-09,157.5
2012-01-16,157.5
2012-01-23,157.5
2012-01-30,157.5
2012-02-06,157.5
2012-02-13,157.5
2012-02-20,157.5
2012-02-27,157.5
2012-03-05,157.5
2012-03-12,157.5
2012-03-19,157.5
2012-03-26,157.5
2012-04-02,157.5
2012-04-09,157.5
2012-04-16,157.5
2012-04-23,157.5
2012-04-30,157.5
2012-05-07,157.5
2012-05-14,157.5
2012-05-21,157.5
2012-05-28,157.5
2012-06-04,157.5
2012-06-11,157.5
2012-06-18,157.5
2012-06-25,157.5
2012-07-02,157.5
2012-07-09,157.5
2012-07-16,157.5
2012-07-23,157.5
2012-07-30,157.5
2012-08-06,157.5
2012-08-13,157.5
2012-08-20,157.5
2012-08-27,157.5
2012-09-03,157.5
2012-09-10,157.5
2012-09-17,157.5
2012-09-24,157.5
2012-10-01,157.5
2012-10-08,157.5
2012-10-15,157.5
2012-10-22,157.5
2012-10-29,157.5
2012-11-05,157.5
2012-11-12,157.5
2012-11-19,157.5
2012-11-26,157.5
2012-12-03,157.5
2012-12-10,157.5
2012-12-17,157.5
2012-12-24,157.5
2012-12-31,157.5
2013-01-07,157.31
2013-01-14,157.31
2013-01-21,157.31
2013-01-28,157.31
2013-02-04,157.31
2013-02-11,157.31
2013-02-18,157.31
2013-02-25,157.31
2013-03-04,157.31
2013-03-11,157.31
2013-03-18,157.31
2013-03-25,157.31
2013-04-01,157.31
2013-04-08,157.31
2013-04-15,157.31
2013-04-22,157.31
2013-04-29,157.31
2013-05-06,157.31
2013-05-13,157.31
2013-05-20,157.31
2013-05-27,157.31
2013-06-03,157.31
2013-06-10,157.31
2013-06-17,157.31
2013-06-24,157.31
2013-07-01,157.31
2013-07-08,157.31
2013-07-15,157.31
2013-07-22,157.31
2013-07-29,157.31
2013-08-05,157.31
2013-08-12,157.31
2013-08-19,157.31
2013-08-26,157.31
2013-09-02,157.31
2013-09-09,157.31
2013-09-16,157.31
2013-09-23,157.31
2013-09-30,157.31
2013-10-07,157.31
2013-10-14,157.31
2013-10-21,157.31
2013-10-28,157.31
2013-11-04,157.31
2013-11-11,157.31
2013-11-18,157.31
2013-11-25,157.31
2013-12-02,157.31
2013-12-09,157.31
2013-12-16,157.31
2013-12-23,157.31
2013-12-30,157.31
2014-01-06,158.55
2014-01-13,158.55
2014-01-20,158.55
2014-01-27,158.55
2014-02-03,158.55
2014-02-10,158.55
2014-02-17,158.55
2014-02-24,158.55
2014-03-03,158.55
2014-03-10,158.55
2014-03-17,158.55
2014-03-24,158.55
2014-03-31,158.55
2014-04-07,158.55
2014-04-14,158.55
2014-04-21,158.55
2014-04-28,158.55
2014-05-05,158.55
2014-05-12,158.55
2014-05-19,158.55
2014-05-26,158.55
2014-06-02,158.55
2014-06-09,158.55
2014-06-16,158.55
2014-06-23,158.55
2014-06-30,158.55
2014-07-07,158.55
2014-07-14,158.55
2014-07-21,158.55
2014-07-28,158.55
2014-08-04,158.55
2014-08-11,158.55
2014-08-18,158.55
2014-08-25,158.55
2014-09-01,158.55
2014-09-08,158.55
2014-09-15,158.55
2014-09-22,158.55
2014-09-29,158.55
2014-10-06,158.55
2014-10-13,158.55
2014-10-20,158.55
2014-10-27,158.55
2014-11-03,158.55
2014-11-10,158.55
2014-11-17,158.55
2014-11-24,158.55
2014-12-01,158.55
2014-12-08,158.55
2014-12-15,158.55
2014-12-22,158.55
2014-12-29,158.55
2015-01-05,193.28
2015-01-12,193.28
2015-01-19,193.28
2015-01-26,193.28
2015-02-02,193.28
2015-02-09,193.28
2015-02-16,193.28
2015-02-23,193.28
2015-03-02,193.28
2015-03-09,193.28
2015-03-16,193.28
2015-03-23,193.28
2015-03-30,193.28
2015-04-06,193.28
2015-04-13,193.28
2015-04-20,193.28
2015-04-27,193.28
2015-05-04,193.28
2015-05-11,193.28
2015-05-18,193.28
2015-05-25,193.28
2015-06-01,193.28
2015-06-08,193.28
2015-06-15,193.28
2015-06-22,193.28
2015-06-29,193.28
2015-07-06,193.28
2015-07-13,193.28
2015-07-20,193.28
2015-07-27,193.28
2015-08-03,193.28
2015-08-10,193.28
2015-08-17,193.28
2015-08-24,193.28
2015-08-31,193.28
2015-09-07,193.28
2015-09-14,193.28
2015-09-21,193.28
2015-09-28,193.28
2015-10-05,193.28
2015-10-12,193.28
2015-10-19,193.28
2015-10-26,193.28
2015-11-02,193.28
2015-11-09,193.28
2015-11-16,193.28
2015-11-23,193.28
2015-11-30,193.28
2015-12-07,193.28
2015-12-14,193.28
2015-12-21,193.28
2015-12-28,193.28
2016-01-04,199.0
2016-01-11,199.0
2016-01-18,199.0
2016-01-25,199.0
2016-02-01,199.0
2016-02-08,199.0
2016-02-15,199.0
2016-02-22,199.0
2016-02-29,199.0
2016-03-07,199.0
2016-03-14,199.0
2016-03-21,199.0
2016-03-28,199.0
2016-04-04,199.0
2016-04-11,199.0
2016-04-18,199.0
2016-04-25,199.0
2016-05-02,199.0
2016-05-09,199.0
2016-05-16,199.0
2016-05-23,199.0
2016-05-30,199.0
2016-06-06,199.0
2016-06-13,199.0
2016-06-20,305.0
2016-06-27,305.0
2016-07-04,305.0
2016-07-11,305.0
2016-07-18,305.0
2016-07-25,305.0
2016-08-01,305.0
2016-08-08,305.0
2016-08-15,305.0
2016-08-22,305.0
2016-08-29,305.0
2016-09-05,305.0
2016-09-12,305.0
2016-09-19,305.0
2016-09-26,305.0
2016-10-03,305.0
2016-10-10,305.0
2016-10-17,305.0
2016-10-24,305.0
2016-10-31,305.0
2016-11-07,305.0
2016-11-14,305.0
2016-11-21,305.0
2016-11-28,305.0
2016-12-05,305.0
2016-12-12,305.0
2016-12-19,305.0
2016-12-26,305.0
2017-01-02,305.79
2017-01-09,305.79
2017-01-16,305.79
2017-01-23,305.79
2017-01-30,305.79
2017-02-06,305.79
2017-02-13,305.79
2017-02-20,305.79
2017-02-27,305.79
2017-03-06,305.79
2017-03-13,305.79
2017-03-20,305.79
2017-03-27,305.79
2017-04-03,305.79
2017-04-10,305.79
2017-04-17,305.79
2017-04-24,305.79
2017-05-01,305.79
2017-05-08,305.79
2017-05-15,305.79
2017-05-22,305.79
2017-05-29,305.79
2017-06-05,305.79
2017-06-12,305.79
2017-06-19,305.79
2017-06-26,305.79
2017-07-03,305.79
2017-07-10,305.79
2017-07-17,305.79
2017-07-24,305.79
2017-07-31,305.79
2017-08-07,305.79
2017-08-14,305.79
2017-08-21,305.79
2017-08-28,305.79
2017-09-04,305.79
2017-09-11,305.79
2017-09-18,305.79
2017-09-25,305.79
2017-10-02,305.79
2017-10-09,305.79
2017-10-16,305.79
2017-10-23,305.79
2017-10-30,305.79
2017-11-06,305.79
2017-11-13,305.79
2017-11-20,305.79
2017-11-27,305.79
2017-12-04,305.79
2017-12-11,305.79
2017-12-18,305.79
2017-12-25,305.79
2018-01-01,306.08
2018-01-08,306.08
2018-01-15,306.08
2018-01-22,306.08
2018-01-29,306.08
2018-02-05,306.08
2018-02-12,306.08
2018-02-19,306.08
2018-02-26,306.08
2018-03-05,306.08
2018-03-12,306.08
2018-03-19,306.08
2018-03-26,306.08
2018-04-02,306.08
2018-04-09,306.08
2018-04-16,306.08
2018-04-23,306.08
2018-04-30,306.08
2018-05-07,306.08
2018-05-14,306.08
2018-05-21,306.08
2018-05-28,306.08
2018-06-04,306.08
2018-06-11,306.08
2018-06-18,306.08
2018-06-25,306.08
2018-07-02,306.08
2018-07-09,306.08
2018-07-16,306.08
2018-07-23,306.08
2018-07-30,306.08
2018-08-06,306.08
2018-08-13,306.08
2018-08-20,306.08
2018-08-27,306.08
2018-09-03,306.08
2018-09-10,306.08
2018-09-17,306.08
2018-09-24,306.08
2018-10-01,306.08
2018-10-08,306.08
2018-10-15,306.08
2018-10-22,306.08
2018-10-29,306.08
2018-11-05,306.08
2018-11-12,306.08
2018-11-19,306.08
2018-11-26,306.08
2018-12-03,306.08
2018-12-10,306.08
2018-12-17,306.08
2018-12-24,306.08
2018-12-31,306.08
2019-01-07,306.92
2019-01-14,306.92
2019-01-21,306.92
2019-01-28,306.92
2019-02-04,306.92
2019-02-11,306.92
2019-02-18,306.92
2019-02-25,306.92
2019-03-04,306.92
2019-03-11,306.92
2019-03-18,306.92
2019-03-25,306.92
2019-04-01,306.92
2019-04-08,306.92
2019-04-15,306.92
2019-04-22,306.92
2019-04-29,306.92
2019-05-06,306.92
2019-05-13,306.92
2019-05-20,306.92
2019-05-27,306.92
2019-06-03,306.92
2019-06-10,306.92
2019-06-17,306.92
2019-06-24,306.92
2019-07-01,306.92
2019-07-08,306.92
2019-07-15,306.92
2019-07-22,306.92
2019-07-29,306.92
2019-08-05,306.92
2019-08-12,306.92
2019-08-19,306.92
2019-08-26,306.92
2019-09-02,306.92
2019-09-09,306.92
2019-09-16,306.92
2019-09-23,306.92
2019-09-30,306.92
2019-10-07,306.92
2019-10-14,306.92
2019-10-21,306.92
2019-10-28,306.92
2019-11-04,306.92
2019-11-11,306.92
2019-11-18,306.92
2019-11-25,306.92
2019-12-02,306.92
2019-12-09,306.92
2019-12-16,306.92
2019-12-23,306.92
2019-12-30,306.92
2020-01-06,358.81
2020-01-13,358.81
2020-01-20,358.81
2020-01-27,358.81
2020-02-03,358.81
2020-02-10,358.81
2020-02-17,358.81
2020-02-24,358.81
2020-03-02,358.81
2020-03-09,358.81
2020-03-16,358.81
2020-03-23,358.81
2020-03-30,358.81
2020-04-06,358.81
2020-04-13,358.81
2020-04-20,358.81
2020-04-27,358.81
2020-05-04,358.81
2020-05-11,358.81
2020-05-18,358.81
2020-05-25,358.81
2020-06-01,358.81
2020-06-08,358.81
2020-06-15,358.81
2020-06-22,358.81
2020-06-29,358.81
2020-07-06,358.81
2020-07-13,358.81
2020-07-20,358.81
2020-07-27,358.81
2020-08-03,358.81
2020-08-10,358.81
2020-08-17,358.81
2020-08-24,358.81
2020-08-31,358.81
2020-09-07,358.81
2020-09-14,358.81
2020-09-21,358.81
2020-09-28,358.81
2020-10-05,358.81
2020-10-12,358.81
2020-10-19,358.81
2020-10-26,358.81
2020-11-02,358.81
2020-11-09,358.81
2020-11-16,358.81
2020-11-23,358.81
2020-11-30,358.81
2020-12-07,358.81
2020-12-14,358.81
2020-12-21,358.81
2020-12-28,358.81
2021-01-04,401.0
2021-01-11,401.0
2021-01-18,401.0
2021-01-25,401.0
2021-02-01,401.0
2021-02-08,401.0
2021-02-15,401.0
2021-02-22,401.0
2021-03-01,401.0
2021-03-08,401.0
2021-03-15,401.0
2021-03-22,401.0
2021-03-29,401.0
2021-04-05,401.0
2021-04-12,401.0
2021-04-19,401.0
2021-04-26,401.0
2021-05-03,401.0
2021-05-10,401.0
2021-05-17,401.0
2021-05-24,401.0
2021-05-31,401.0
2021-06-07,401.0
2021-06-14,401.0
2021-06-21,401.0
2021-06-28,401.0
2021-07-05,401.0
2021-07-12,401.0
2021-07-19,401.0
2021-07-26,401.0
2021-08-02,401.0
2021-08-09,401.0
2021-08-16,401.0
2021-08-23,401.0
2021-08-30,401.0
2021-09-06,401.0
2021-09-13,401.0
2021-09-20,401.0
2021-09-27,401.0
2021-10-04,401.0
2021-10-11,401.0
2021-10-18,401.0
2021-10-25,401.0
2021-11-01,401.0
2021-11-08,401.0
2021-11-15,401.0
2021-11-22,401.0
2021-11-29,401.0
2021-12-06,401.0
2021-12-13,401.0
2021-12-20,401.0
2021-12-27,401.0
2022-01-03,425.98
2022-01-10,425.98
2022-01-17,425.98
2022-01-24,425.98
2022-01-31,425.98
2022-02-07,425.98
2022-02-14,425.98
2022-02-21,425.98
2022-02-28,425.98
2022-03-07,425.98
2022-03-14,425.98
2022-03-21,425.98
2022-03-28,425.98
2022-04-04,425.98
2022-04-11,425.98
2022-04-18,425.98
2022-04-25,425.98
2022-05-02,425.98
2022-05-09,425.98
2022-05-16,425.98
2022-05-23,425.98
2022-05-30,425.98
2022-06-06,425.98
2022-06-13,425.98
2022-06-20,425.98
2022-06-27,425.98
2022-07-04,425.98
2022-07-11,425.98
2022-07-18,425.98
2022-07-25,425.98
2022-08-01,425.98
2022-08-08,425.98
2022-08-15,425.98
2022-08-22,425.98
2022-08-29,425.98
2022-09-05,425.98
2022-09-12,425.98
2022-09-19,425.98
2022-09-26,425.98
2022-10-03,425.98
2022-10-10,425.98
2022-10-17,425.98
2022-10-24,425.98
2022-10-31,425.98
2022-11-07,425.98
2022-11-14,425.98
2022-11-21,425.98
2022-11-28,425.98
2022-12-05,425.98
2022-12-12,425.98
2022-12-19,425.98
2022-12-26,425.98
2023-01-02,460.0
2023-01-09,460.0
2023-01-16,460.0
2023-01-23,460.0
2023-01-30,460.0
2023-02-06,460.0
2023-02-13,460.0
2023-02-20,460.0
2023-02-27,460.0
2023-03-06,460.0
2023-03-13,460.0
2023-03-20,460.0
2023-03-27,460.0
2023-04-03,460.0
2023-04-10,460.0
2023-04-17,460.0
2023-04-24,460.0
2023-05-01,460.0
2023-05-08,460.0
2023-05-15,460.0
2023-05-22,460.0
2023-05-29,460.0
2023-06-05,460.0
2023-06-12,460.0
2023-06-19,920.0
2023-06-26,920.0
2023-07-03,920.0
2023-07-10,920.0
2023-07-17,920.0
2023-07-24,920.0
2023-07-31,920.0
2023-08-07,920.0
2023-08-14,920.0
2023-08-21,920.0
2023-08-28,920.0
2023-09-04,920.0
2023-09-11,920.0
2023-09-18,920.0
2023-09-25,920.0
2023-10-02,920.0
2023-10-09,920.0
2023-10-16,920.0
2023-10-23,920.0
2023-10-30,920.0
2023-11-06,920.0
2023-11-13,920.0
2023-11-20,920.0
2023-11-27,920.0
2023-12-04,920.0
2023-12-11,920.0
2023-12-18,920.0
2023-12-25,920.0
2024-01-01,1500.0
2024-01-08,1500.0
2024-01-15,1500.0
2024-01-22,1500.0
2024-01-29,1500.0
2024-02-05,1500.0
2024-02-12,1500.0
2024-02-19,1500.0
2024-02-26,1500.0
2024-03-04,1500.0
2024-03-11,1500.0
2024-03-18,1500.0
2024-03-25,1500.0
2024-04-01,1460.0
2024-04-08,1460.0
2024-04-15,1460.0
2024-04-22,1460.0
2024-04-29,1460.0
2024-05-06,1460.0
2024-05-13,1460.0
2024-05-20,1460.0
2024-05-27,1460.0
2024-06-03,1460.0
2024-06-10,1460.0
2024-06-17,1460.0
2024-06-24,1460.0
2024-07-01,1580.0
2024-07-08,1580.0
2024-07-15,1580.0
2024-07-22,1580.0
2024-07-29,1580.0
2024-08-05,1580.0
2024-08-12,1580.0
2024-08-19,1580.0
2024-08-26,1580.0
2024-09-02,1580.0
2024-09-09,1580.0
2024-09-16,1580.0
2024-09-23,1580.0
2024-09-30,1580.0
2024-10-07,1700.0
2024-10-14,1700.0
2024-10-21,1700.0
2024-10-28,1700.0
2024-11-04,1700.0
2024-11-11,1700.0
2024-11-18,1700.0
2024-11-25,1700.0
2024-12-02,1700.0
2024-12-09,1700.0
2024-12-16,1700.0
2024-12-23,1700.0
2024-12-30,1700.0
2025-01-06,1570.0
2025-01-13,1570.0
2025-01-20,1570.0
2025-01-27,1570.0
2025-02-03,1585.0
2025-02-10,1585.0
2025-02-17,1585.0
2025-02-24,1585.0
2025-03-03,1575.0
2025-03-10,1575.0
2025-03-17,1575.0
2025-03-24,1575.0
2025-03-31,1575.0
2025-04-07,1590.0
2025-04-14,1590.0
2025-04-21,1590.0
2025-04-28,1590.0
2025-05-05,1600.0
2025-05-12,1600.0
2025-05-19,1600.0
2025-05-26,1600.0
2025-06-02,1610.0
2025-06-09,1610.0
2025-06-16,1610.0
2025-06-23,1610.0
2025-06-30,1610.0
2025-07-07,1595.0
2025-07-14,1595.0
2025-07-21,1595.0
2025-07-28,1595.0
2025-08-04,1585.0
2025-08-11,1585.0
2025-08-18,1585.0
2025-08-25,1585.0
2025-09-01,1580.0
2025-09-08,1580.0
2025-09-15,1580.0
2025-09-22,1580.0
2025-09-29,1580.0
2025-10-06,1595.0
2025-10-13,1595.0
2025-10-20,1595.0
2025-10-27,1595.0
2025-11-03,1600.0
2025-11-10,1600.0
2025-11-17,1600.0
2025-11-24,1600.0
2025-12-01,1610.0
2025-12-08,1610.0
2025-12-15,1610.0
2025-12-22,1610.0
2025-12-29,1610.0
2026-01-05,1590.0
2026-01-12,1590.0
2026-01-19,1590.0
2026-01-26,1590.0
2026-02-02,1600.0
2026-02-09,1600.0
2026-02-16,1600.0
2026-02-23,1600.0
2026-03-02,1620.0
2026-03-09,1620.0
2026-03-16,1620.0
2026-03-23,1620.0
2026-03-30,1620.0
2026-04-06,1640.0
2026-04-13,1640.0
2026-04-20,1640.0
2026-04-27,1640.0
2026-05-04,1650.0
2026-05-11,1650.0
2026-05-18,1650.0
2026-05-25,1650.0
2026-06-01,1655.0
2026-06-08,1655.0
2026-06-15,1655.0
2026-06-22,1655.0
2026-06-29,1655.0
2026-07-06,1660.0
2026-07-13,1660.0
2026-07-20,1660.0
2026-07-27,1660.0
2026-08-03,1665.0
2026-08-10,1665.0
2026-08-17,1665.0
2026-08-24,1665.0
2026-08-31,1665.0
2026-09-07,1670.0
2026-09-14,1670.0
2026-09-21,1670.0
2026-09-28,1670.0
2026-10-05,1675.0
2026-10-12,1675.0
