commodity,origin,target,horizon_w,variant,actual,pred,origin_price
Hibiscus,2026-02-02,2026-03-02,4,naive,2650000.0,2425000.0,2425000.0
Hibiscus,2026-02-02,2026-03-02,4,prophet_base,2650000.0,1655974.7170374587,2425000.0
Hibiscus,2026-02-02,2026-03-02,4,prophet_core,2650000.0,1830886.088128637,2425000.0
Hibiscus,2026-02-02,2026-03-02,4,prophet_wx,2650000.0,1641300.9820599467,2425000.0
Hibiscus,2026-02-02,2026-03-30,8,naive,2400000.0,2425000.0,2425000.0
Hibiscus,2026-02-02,2026-03-30,8,prophet_base,2400000.0,1674012.7610145889,2425000.0
Hibiscus,2026-02-02,2026-03-30,8,prophet_core,2400000.0,1853799.2413321142,2425000.0
Hibiscus,2026-02-02,2026-03-30,8,prophet_wx,2400000.0,1664393.1415585475,2425000.0
Hibiscus,2026-01-05,2026-03-02,8,naive,2650000.0,1200000.0,1200000.0
Hibiscus,2026-01-05,2026-03-02,8,prophet_base,2650000.0,1612535.9958313997,1200000.0
Hibiscus,2026-01-05,2026-03-02,8,prophet_core,2650000.0,1841981.0573391651,1200000.0
Hibiscus,2026-01-05,2026-03-02,8,prophet_wx,2650000.0,1591211.3294458045,1200000.0
Hibiscus,2025-12-08,2026-01-05,4,naive,1200000.0,1220000.0,1220000.0
Hibiscus,2025-12-08,2026-01-05,4,prophet_base,1200000.0,1644070.0380848076,1220000.0
Hibiscus,2025-12-08,2026-01-05,4,prophet_core,1200000.0,1828356.7033422599,1220000.0
Hibiscus,2025-12-08,2026-01-05,4,prophet_wx,1200000.0,1637862.413844704,1220000.0
Hibiscus,2025-11-10,2025-12-08,4,naive,1220000.0,1350000.0,1350000.0
Hibiscus,2025-11-10,2025-12-08,4,prophet_base,1220000.0,1458947.8720508162,1350000.0
Hibiscus,2025-11-10,2025-12-08,4,prophet_core,1220000.0,1540563.9469573877,1350000.0
Hibiscus,2025-11-10,2025-12-08,4,prophet_wx,1220000.0,1459268.2075508568,1350000.0
Hibiscus,2025-11-10,2026-01-05,8,naive,1200000.0,1350000.0,1350000.0
Hibiscus,2025-11-10,2026-01-05,8,prophet_base,1200000.0,1637250.3587043916,1350000.0
Hibiscus,2025-11-10,2026-01-05,8,prophet_core,1200000.0,1771680.9302123338,1350000.0
Hibiscus,2025-11-10,2026-01-05,8,prophet_wx,1200000.0,1639588.853437498,1350000.0
Hibiscus,2025-10-13,2025-11-10,4,naive,1350000.0,1550000.0,1550000.0
Hibiscus,2025-10-13,2025-11-10,4,prophet_base,1350000.0,1490480.6033805008,1550000.0
Hibiscus,2025-10-13,2025-11-10,4,prophet_core,1350000.0,1559469.8793026984,1550000.0
Hibiscus,2025-10-13,2025-11-10,4,prophet_wx,1350000.0,1492092.2528869237,1550000.0
Hibiscus,2025-10-13,2025-12-08,8,naive,1220000.0,1550000.0,1550000.0
Hibiscus,2025-10-13,2025-12-08,8,prophet_base,1220000.0,1441699.229941398,1550000.0
Hibiscus,2025-10-13,2025-12-08,8,prophet_core,1220000.0,1466570.8823990626,1550000.0
Hibiscus,2025-10-13,2025-12-08,8,prophet_wx,1220000.0,1441937.6660872274,1550000.0
Hibiscus,2025-09-15,2025-10-13,4,naive,1550000.0,1580000.0,1580000.0
Hibiscus,2025-09-15,2025-10-13,4,prophet_base,1550000.0,1585166.5863497325,1580000.0
Hibiscus,2025-09-15,2025-10-13,4,prophet_core,1550000.0,1727384.7138428567,1580000.0
Hibiscus,2025-09-15,2025-10-13,4,prophet_wx,1550000.0,1583589.7527593418,1580000.0
Hibiscus,2025-09-15,2025-11-10,8,naive,1350000.0,1580000.0,1580000.0
Hibiscus,2025-09-15,2025-11-10,8,prophet_base,1350000.0,1516078.1323006973,1580000.0
Hibiscus,2025-09-15,2025-11-10,8,prophet_core,1350000.0,1615908.757462971,1580000.0
Hibiscus,2025-09-15,2025-11-10,8,prophet_wx,1350000.0,1515495.1500780538,1580000.0
Hibiscus,2025-08-18,2025-09-15,4,naive,1580000.0,1640000.0,1640000.0
Hibiscus,2025-08-18,2025-09-15,4,prophet_base,1580000.0,1616052.1508891627,1640000.0
Hibiscus,2025-08-18,2025-09-15,4,prophet_core,1580000.0,1700714.0134722355,1640000.0
Hibiscus,2025-08-18,2025-09-15,4,prophet_wx,1580000.0,1618334.4789143673,1640000.0
Hibiscus,2025-08-18,2025-10-13,8,naive,1550000.0,1640000.0,1640000.0
Hibiscus,2025-08-18,2025-10-13,8,prophet_base,1550000.0,1671392.1257329232,1640000.0
Hibiscus,2025-08-18,2025-10-13,8,prophet_core,1550000.0,1786394.0568974442,1640000.0
Hibiscus,2025-08-18,2025-10-13,8,prophet_wx,1550000.0,1672309.19225751,1640000.0
Hibiscus,2025-07-21,2025-09-15,8,naive,1580000.0,1700000.0,1700000.0
Hibiscus,2025-07-21,2025-09-15,8,prophet_base,1580000.0,1615515.3508924705,1700000.0
Hibiscus,2025-07-21,2025-09-15,8,prophet_core,1580000.0,1697872.5500261332,1700000.0
Hibiscus,2025-07-21,2025-09-15,8,prophet_wx,1580000.0,1617783.628514762,1700000.0
Hibiscus,2025-06-23,2025-07-21,4,naive,1700000.0,1740000.0,1740000.0
Hibiscus,2025-06-23,2025-07-21,4,prophet_base,1700000.0,1644612.2317048917,1740000.0
Hibiscus,2025-06-23,2025-07-21,4,prophet_core,1700000.0,1711838.4400092638,1740000.0
Hibiscus,2025-06-23,2025-07-21,4,prophet_wx,1700000.0,1639074.6534714391,1740000.0
Hibiscus,2025-05-26,2025-06-23,4,naive,1740000.0,1678666.6666666667,1678666.6666666667
Hibiscus,2025-05-26,2025-06-23,4,prophet_base,1740000.0,1654388.08072858,1678666.6666666667
Hibiscus,2025-05-26,2025-06-23,4,prophet_core,1740000.0,1733420.8759480563,1678666.6666666667
Hibiscus,2025-05-26,2025-06-23,4,prophet_wx,1740000.0,1641855.0823903738,1678666.6666666667
Hibiscus,2025-05-26,2025-07-21,8,naive,1700000.0,1678666.6666666667,1678666.6666666667
Hibiscus,2025-05-26,2025-07-21,8,prophet_base,1700000.0,1640207.8584523557,1678666.6666666667
Hibiscus,2025-05-26,2025-07-21,8,prophet_core,1700000.0,1710380.8508271466,1678666.6666666667
Hibiscus,2025-05-26,2025-07-21,8,prophet_wx,1700000.0,1630916.499953988,1678666.6666666667
Hibiscus,2025-04-28,2025-06-23,8,naive,1740000.0,1636000.0,1636000.0
Hibiscus,2025-04-28,2025-06-23,8,prophet_base,1740000.0,1646688.1571963106,1636000.0
Hibiscus,2025-04-28,2025-06-23,8,prophet_core,1740000.0,1731731.7234622764,1636000.0
Hibiscus,2025-04-28,2025-06-23,8,prophet_wx,1740000.0,1635662.659313643,1636000.0
Sesame,2026-02-02,2026-03-02,4,naive,1280000.0,1220000.0,1220000.0
Sesame,2026-02-02,2026-03-02,4,prophet_base,1280000.0,1532541.3017960812,1220000.0
Sesame,2026-02-02,2026-03-02,4,prophet_core,1280000.0,1511736.7358008265,1220000.0
Sesame,2026-02-02,2026-03-02,4,prophet_wx,1280000.0,1504018.2287602613,1220000.0
Sesame,2026-02-02,2026-03-30,8,naive,1255000.0,1220000.0,1220000.0
Sesame,2026-02-02,2026-03-30,8,prophet_base,1255000.0,1510283.1635044296,1220000.0
Sesame,2026-02-02,2026-03-30,8,prophet_core,1255000.0,1498501.2716014949,1220000.0
Sesame,2026-02-02,2026-03-30,8,prophet_wx,1255000.0,1490410.6842155983,1220000.0
Sesame,2026-01-05,2026-02-02,4,naive,1220000.0,1200000.0,1200000.0
Sesame,2026-01-05,2026-02-02,4,prophet_base,1220000.0,1548246.7737357581,1200000.0
Sesame,2026-01-05,2026-02-02,4,prophet_core,1220000.0,1534808.9257608654,1200000.0
Sesame,2026-01-05,2026-02-02,4,prophet_wx,1220000.0,1542635.101468195,1200000.0
Sesame,2026-01-05,2026-03-02,8,naive,1280000.0,1200000.0,1200000.0
Sesame,2026-01-05,2026-03-02,8,prophet_base,1280000.0,1542454.755452897,1200000.0
Sesame,2026-01-05,2026-03-02,8,prophet_core,1280000.0,1523715.542173783,1200000.0
Sesame,2026-01-05,2026-03-02,8,prophet_wx,1280000.0,1536199.5361764831,1200000.0
Sesame,2025-12-08,2026-01-05,4,naive,1200000.0,1170000.0,1170000.0
Sesame,2025-12-08,2026-01-05,4,prophet_base,1200000.0,1600548.8762906666,1170000.0
Sesame,2025-12-08,2026-01-05,4,prophet_core,1200000.0,1562468.6597838202,1170000.0
Sesame,2025-12-08,2026-01-05,4,prophet_wx,1200000.0,1608388.5306135407,1170000.0
Sesame,2025-12-08,2026-02-02,8,naive,1220000.0,1170000.0,1170000.0
Sesame,2025-12-08,2026-02-02,8,prophet_base,1220000.0,1568017.6816069346,1170000.0
Sesame,2025-12-08,2026-02-02,8,prophet_core,1220000.0,1529104.1572759883,1170000.0
Sesame,2025-12-08,2026-02-02,8,prophet_wx,1220000.0,1573353.4371319553,1170000.0
Sesame,2025-11-10,2025-12-08,4,naive,1170000.0,1220000.0,1220000.0
Sesame,2025-11-10,2025-12-08,4,prophet_base,1170000.0,1483517.2509100875,1220000.0
Sesame,2025-11-10,2025-12-08,4,prophet_core,1170000.0,1428285.2985645556,1220000.0
Sesame,2025-11-10,2025-12-08,4,prophet_wx,1170000.0,1502744.9030751134,1220000.0
Sesame,2025-11-10,2026-01-05,8,naive,1200000.0,1220000.0,1220000.0
Sesame,2025-11-10,2026-01-05,8,prophet_base,1200000.0,1573055.1993998876,1220000.0
Sesame,2025-11-10,2026-01-05,8,prophet_core,1200000.0,1504924.1259351324,1220000.0
Sesame,2025-11-10,2026-01-05,8,prophet_wx,1200000.0,1564852.113508241,1220000.0
Sesame,2025-10-13,2025-11-10,4,naive,1220000.0,1330000.0,1330000.0
Sesame,2025-10-13,2025-11-10,4,prophet_base,1220000.0,1511516.0565115164,1330000.0
Sesame,2025-10-13,2025-11-10,4,prophet_core,1220000.0,1345975.3766983228,1330000.0
Sesame,2025-10-13,2025-11-10,4,prophet_wx,1220000.0,1518389.6021159731,1330000.0
Sesame,2025-10-13,2025-12-08,8,naive,1170000.0,1330000.0,1330000.0
Sesame,2025-10-13,2025-12-08,8,prophet_base,1170000.0,1530891.9100123704,1330000.0
Sesame,2025-10-13,2025-12-08,8,prophet_core,1170000.0,1427926.3419123066,1330000.0
Sesame,2025-10-13,2025-12-08,8,prophet_wx,1170000.0,1533993.401579893,1330000.0
Sesame,2025-09-15,2025-10-13,4,naive,1330000.0,1500000.0,1500000.0
Sesame,2025-09-15,2025-10-13,4,prophet_base,1330000.0,1654140.020142917,1500000.0
Sesame,2025-09-15,2025-10-13,4,prophet_core,1330000.0,1376909.6230101257,1500000.0
Sesame,2025-09-15,2025-10-13,4,prophet_wx,1330000.0,1675187.6519221019,1500000.0
Sesame,2025-09-15,2025-11-10,8,naive,1220000.0,1500000.0,1500000.0
Sesame,2025-09-15,2025-11-10,8,prophet_base,1220000.0,1657762.6747033931,1500000.0
Sesame,2025-09-15,2025-11-10,8,prophet_core,1220000.0,1390195.7899538374,1500000.0
Sesame,2025-09-15,2025-11-10,8,prophet_wx,1220000.0,1682279.8962964125,1500000.0
Sesame,2025-08-18,2025-09-15,4,naive,1500000.0,1550000.0,1550000.0
Sesame,2025-08-18,2025-09-15,4,prophet_base,1500000.0,1537313.730546855,1550000.0
Sesame,2025-08-18,2025-09-15,4,prophet_core,1500000.0,1414397.4720175255,1550000.0
Sesame,2025-08-18,2025-09-15,4,prophet_wx,1500000.0,1539444.2665815353,1550000.0
Sesame,2025-08-18,2025-10-13,8,naive,1330000.0,1550000.0,1550000.0
Sesame,2025-08-18,2025-10-13,8,prophet_base,1330000.0,1573150.9987696768,1550000.0
Sesame,2025-08-18,2025-10-13,8,prophet_core,1330000.0,1419298.1962123231,1550000.0
Sesame,2025-08-18,2025-10-13,8,prophet_wx,1330000.0,1574219.027415983,1550000.0
Sesame,2025-07-21,2025-09-15,8,naive,1500000.0,1600000.0,1600000.0
Sesame,2025-07-21,2025-09-15,8,prophet_base,1500000.0,1446448.7226111626,1600000.0
Sesame,2025-07-21,2025-09-15,8,prophet_core,1500000.0,1350711.1743416528,1600000.0
Sesame,2025-07-21,2025-09-15,8,prophet_wx,1500000.0,1469684.824128769,1600000.0
Sesame,2025-06-23,2025-07-21,4,naive,1600000.0,2120000.0,2120000.0
Sesame,2025-06-23,2025-07-21,4,prophet_base,1600000.0,1329847.6498478057,2120000.0
Sesame,2025-06-23,2025-07-21,4,prophet_core,1600000.0,1264608.435054017,2120000.0
Sesame,2025-06-23,2025-07-21,4,prophet_wx,1600000.0,1397646.9024701363,2120000.0
Sesame,2025-05-26,2025-06-23,4,naive,2120000.0,1168173.86,1168173.86
Sesame,2025-05-26,2025-06-23,4,prophet_base,2120000.0,1200530.5185789836,1168173.86
Sesame,2025-05-26,2025-06-23,4,prophet_core,2120000.0,1183835.652702737,1168173.86
Sesame,2025-05-26,2025-06-23,4,prophet_wx,2120000.0,1199158.2405604345,1168173.86
Sesame,2025-05-26,2025-07-21,8,naive,1600000.0,1168173.86,1168173.86
Sesame,2025-05-26,2025-07-21,8,prophet_base,1600000.0,1205254.5811779338,1168173.86
Sesame,2025-05-26,2025-07-21,8,prophet_core,1600000.0,1189249.1922288402,1168173.86
Sesame,2025-05-26,2025-07-21,8,prophet_wx,1600000.0,1203734.8504297088,1168173.86
Sesame,2025-04-28,2025-06-23,8,naive,2120000.0,1168173.86,1168173.86
Sesame,2025-04-28,2025-06-23,8,prophet_base,2120000.0,1200530.5185789836,1168173.86
Sesame,2025-04-28,2025-06-23,8,prophet_core,2120000.0,1183835.652702737,1168173.86
Sesame,2025-04-28,2025-06-23,8,prophet_wx,2120000.0,1199158.2405604345,1168173.86
Ginger,2026-02-02,2026-03-02,4,naive,9900000.0,9220000.0,9220000.0
Ginger,2026-02-02,2026-03-02,4,prophet_base,9900000.0,14047644.568438368,9220000.0
Ginger,2026-02-02,2026-03-02,4,prophet_core,9900000.0,16102470.27099703,9220000.0
Ginger,2026-02-02,2026-03-02,4,prophet_wx,9900000.0,14178005.911072621,9220000.0
Ginger,2026-02-02,2026-03-30,8,naive,10500000.0,9220000.0,9220000.0
Ginger,2026-02-02,2026-03-30,8,prophet_base,10500000.0,13806000.782707244,9220000.0
Ginger,2026-02-02,2026-03-30,8,prophet_core,10500000.0,15599858.06090263,9220000.0
Ginger,2026-02-02,2026-03-30,8,prophet_wx,10500000.0,13847601.00954245,9220000.0
Ginger,2026-01-05,2026-03-02,8,naive,9900000.0,8500000.0,8500000.0
Ginger,2026-01-05,2026-03-02,8,prophet_base,9900000.0,15314142.244395135,8500000.0
Ginger,2026-01-05,2026-03-02,8,prophet_core,9900000.0,16097495.062126888,8500000.0
Ginger,2026-01-05,2026-03-02,8,prophet_wx,9900000.0,15940714.129284633,8500000.0
Ginger,2025-12-08,2026-01-05,4,naive,8500000.0,9000000.0,9000000.0
Ginger,2025-12-08,2026-01-05,4,prophet_base,8500000.0,15937152.403650938,9000000.0
Ginger,2025-12-08,2026-01-05,4,prophet_core,8500000.0,15487703.059749583,9000000.0
Ginger,2025-12-08,2026-01-05,4,prophet_wx,8500000.0,16591478.123307273,9000000.0
Ginger,2025-11-10,2025-12-08,4,naive,9000000.0,10500000.0,10500000.0
Ginger,2025-11-10,2025-12-08,4,prophet_base,9000000.0,13317581.54245838,10500000.0
Ginger,2025-11-10,2025-12-08,4,prophet_core,9000000.0,10460735.680301856,10500000.0
Ginger,2025-11-10,2025-12-08,4,prophet_wx,9000000.0,13658840.38347846,10500000.0
Ginger,2025-11-10,2026-01-05,8,naive,8500000.0,10500000.0,10500000.0
Ginger,2025-11-10,2026-01-05,8,prophet_base,8500000.0,16590806.284197414,10500000.0
Ginger,2025-11-10,2026-01-05,8,prophet_core,8500000.0,15393653.99507484,10500000.0
Ginger,2025-11-10,2026-01-05,8,prophet_wx,8500000.0,16978317.04609227,10500000.0
Ginger,2025-10-13,2025-11-10,4,naive,10500000.0,12200000.0,12200000.0
Ginger,2025-10-13,2025-11-10,4,prophet_base,10500000.0,13510749.312950375,12200000.0
Ginger,2025-10-13,2025-11-10,4,prophet_core,10500000.0,9905841.0508131,12200000.0
Ginger,2025-10-13,2025-11-10,4,prophet_wx,10500000.0,13159313.172693932,12200000.0
Ginger,2025-10-13,2025-12-08,8,naive,9000000.0,12200000.0,12200000.0
Ginger,2025-10-13,2025-12-08,8,prophet_base,9000000.0,13663618.136732887,12200000.0
Ginger,2025-10-13,2025-12-08,8,prophet_core,9000000.0,10305338.772393385,12200000.0
Ginger,2025-10-13,2025-12-08,8,prophet_wx,9000000.0,13517844.307312293,12200000.0
Ginger,2025-09-15,2025-10-13,4,naive,12200000.0,12280000.0,12280000.0
Ginger,2025-09-15,2025-10-13,4,prophet_base,12200000.0,13802695.4712742,12280000.0
Ginger,2025-09-15,2025-10-13,4,prophet_core,12200000.0,9515111.50378593,12280000.0
Ginger,2025-09-15,2025-10-13,4,prophet_wx,12200000.0,13457360.029013347,12280000.0
Ginger,2025-09-15,2025-11-10,8,naive,10500000.0,12280000.0,12280000.0
Ginger,2025-09-15,2025-11-10,8,prophet_base,10500000.0,13978718.819327312,12280000.0
Ginger,2025-09-15,2025-11-10,8,prophet_core,10500000.0,9864495.488977564,12280000.0
Ginger,2025-09-15,2025-11-10,8,prophet_wx,10500000.0,13602836.391294165,12280000.0
Ginger,2025-08-18,2025-09-15,4,naive,12280000.0,12733333.333333334,12733333.333333334
Ginger,2025-08-18,2025-09-15,4,prophet_base,12280000.0,13811733.764497725,12733333.333333334
Ginger,2025-08-18,2025-09-15,4,prophet_core,12280000.0,9229631.217151335,12733333.333333334
Ginger,2025-08-18,2025-09-15,4,prophet_wx,12280000.0,11447087.77633896,12733333.333333334
Ginger,2025-08-18,2025-10-13,8,naive,12200000.0,12733333.333333334,12733333.333333334
Ginger,2025-08-18,2025-10-13,8,prophet_base,12200000.0,14360770.669963695,12733333.333333334
Ginger,2025-08-18,2025-10-13,8,prophet_core,12200000.0,9457990.709094279,12733333.333333334
Ginger,2025-08-18,2025-10-13,8,prophet_wx,12200000.0,11398034.488367407,12733333.333333334
Ginger,2025-07-21,2025-09-15,8,naive,12280000.0,13000000.0,13000000.0
Ginger,2025-07-21,2025-09-15,8,prophet_base,12280000.0,13757834.804508276,13000000.0
Ginger,2025-07-21,2025-09-15,8,prophet_core,12280000.0,8349355.268856694,13000000.0
Ginger,2025-07-21,2025-09-15,8,prophet_wx,12280000.0,13928967.081450036,13000000.0
Ginger,2025-06-23,2025-07-21,4,naive,13000000.0,14200000.0,14200000.0
Ginger,2025-06-23,2025-07-21,4,prophet_base,13000000.0,14024854.608850477,14200000.0
Ginger,2025-06-23,2025-07-21,4,prophet_core,13000000.0,8824754.37966946,14200000.0
Ginger,2025-06-23,2025-07-21,4,prophet_wx,13000000.0,12930846.935955057,14200000.0
Ginger,2025-05-26,2025-06-23,4,naive,14200000.0,14213333.333333334,14213333.333333334
Ginger,2025-05-26,2025-06-23,4,prophet_base,14200000.0,13237528.021110848,14213333.333333334
Ginger,2025-05-26,2025-06-23,4,prophet_core,14200000.0,9560002.002667282,14213333.333333334
Ginger,2025-05-26,2025-06-23,4,prophet_wx,14200000.0,12082027.706214821,14213333.333333334
Ginger,2025-05-26,2025-07-21,8,naive,13000000.0,14213333.333333334,14213333.333333334
Ginger,2025-05-26,2025-07-21,8,prophet_base,13000000.0,13911342.079569535,14213333.333333334
Ginger,2025-05-26,2025-07-21,8,prophet_core,13000000.0,8651544.563090472,14213333.333333334
Ginger,2025-05-26,2025-07-21,8,prophet_wx,13000000.0,12388954.825749706,14213333.333333334
Ginger,2025-04-28,2025-06-23,8,naive,14200000.0,14240000.0,14240000.0
Ginger,2025-04-28,2025-06-23,8,prophet_base,14200000.0,13145137.120806169,14240000.0
Ginger,2025-04-28,2025-06-23,8,prophet_core,14200000.0,9198667.49909527,14240000.0
Ginger,2025-04-28,2025-06-23,8,prophet_wx,14200000.0,12194743.121574279,14240000.0
Cocoa,2026-02-02,2026-03-02,4,naive,6000000.0,8400000.0,8400000.0
Cocoa,2026-02-02,2026-03-02,4,prophet_base,6000000.0,11446376.702341737,8400000.0
Cocoa,2026-02-02,2026-03-02,4,prophet_core,6000000.0,14574858.660729323,8400000.0
Cocoa,2026-02-02,2026-03-02,4,prophet_wx,6000000.0,11152418.232824514,8400000.0
Cocoa,2026-02-02,2026-03-30,8,naive,6000000.0,8400000.0,8400000.0
Cocoa,2026-02-02,2026-03-30,8,prophet_base,6000000.0,11251048.343421016,8400000.0
Cocoa,2026-02-02,2026-03-30,8,prophet_core,6000000.0,14606893.99685676,8400000.0
Cocoa,2026-02-02,2026-03-30,8,prophet_wx,6000000.0,10998132.26446208,8400000.0
Cocoa,2026-01-05,2026-02-02,4,naive,8400000.0,9400000.0,9400000.0
Cocoa,2026-01-05,2026-02-02,4,prophet_base,8400000.0,11871738.844712961,9400000.0
Cocoa,2026-01-05,2026-02-02,4,prophet_core,8400000.0,14457346.262366943,9400000.0
Cocoa,2026-01-05,2026-02-02,4,prophet_wx,8400000.0,11883660.793761395,9400000.0
Cocoa,2026-01-05,2026-03-02,8,naive,6000000.0,9400000.0,9400000.0
Cocoa,2026-01-05,2026-03-02,8,prophet_base,6000000.0,12224682.511694744,9400000.0
Cocoa,2026-01-05,2026-03-02,8,prophet_core,6000000.0,14455888.770701831,9400000.0
Cocoa,2026-01-05,2026-03-02,8,prophet_wx,6000000.0,12182347.651393512,9400000.0
Cocoa,2025-12-08,2026-01-05,4,naive,9400000.0,10200000.0,10200000.0
Cocoa,2025-12-08,2026-01-05,4,prophet_base,9400000.0,12053389.231788322,10200000.0
Cocoa,2025-12-08,2026-01-05,4,prophet_core,9400000.0,14154006.251240214,10200000.0
Cocoa,2025-12-08,2026-01-05,4,prophet_wx,9400000.0,12134986.030462017,10200000.0
Cocoa,2025-12-08,2026-02-02,8,naive,8400000.0,10200000.0,10200000.0
Cocoa,2025-12-08,2026-02-02,8,prophet_base,8400000.0,12413342.371616572,10200000.0
Cocoa,2025-12-08,2026-02-02,8,prophet_core,8400000.0,14504235.758738093,10200000.0
Cocoa,2025-12-08,2026-02-02,8,prophet_wx,8400000.0,12560808.07027577,10200000.0
Cocoa,2025-11-10,2025-12-08,4,naive,10200000.0,8500000.0,8500000.0
Cocoa,2025-11-10,2025-12-08,4,prophet_base,10200000.0,12894037.161097705,8500000.0
Cocoa,2025-11-10,2025-12-08,4,prophet_core,10200000.0,13768379.085109856,8500000.0
Cocoa,2025-11-10,2025-12-08,4,prophet_wx,10200000.0,13025575.73393017,8500000.0
Cocoa,2025-11-10,2026-01-05,8,naive,9400000.0,8500000.0,8500000.0
Cocoa,2025-11-10,2026-01-05,8,prophet_base,9400000.0,12167695.345190194,8500000.0
Cocoa,2025-11-10,2026-01-05,8,prophet_core,9400000.0,13908388.202574193,8500000.0
Cocoa,2025-11-10,2026-01-05,8,prophet_wx,9400000.0,12266071.498426134,8500000.0
Cocoa,2025-10-13,2025-11-10,4,naive,8500000.0,10400000.0,10400000.0
Cocoa,2025-10-13,2025-11-10,4,prophet_base,8500000.0,13065917.44164157,10400000.0
Cocoa,2025-10-13,2025-11-10,4,prophet_core,8500000.0,11462663.709230028,10400000.0
Cocoa,2025-10-13,2025-11-10,4,prophet_wx,8500000.0,12992358.762694713,10400000.0
Cocoa,2025-10-13,2025-12-08,8,naive,10200000.0,10400000.0,10400000.0
Cocoa,2025-10-13,2025-12-08,8,prophet_base,10200000.0,13700162.004624724,10400000.0
Cocoa,2025-10-13,2025-12-08,8,prophet_core,10200000.0,11707636.576111834,10400000.0
Cocoa,2025-10-13,2025-12-08,8,prophet_wx,10200000.0,13710732.819893682,10400000.0
Cocoa,2025-09-15,2025-10-13,4,naive,10400000.0,11100000.0,11100000.0
Cocoa,2025-09-15,2025-10-13,4,prophet_base,10400000.0,13888416.871327316,11100000.0
Cocoa,2025-09-15,2025-10-13,4,prophet_core,10400000.0,15304155.961511007,11100000.0
Cocoa,2025-09-15,2025-10-13,4,prophet_wx,10400000.0,13937948.521938957,11100000.0
Cocoa,2025-09-15,2025-11-10,8,naive,8500000.0,11100000.0,11100000.0
Cocoa,2025-09-15,2025-11-10,8,prophet_base,8500000.0,14148271.991224514,11100000.0
Cocoa,2025-09-15,2025-11-10,8,prophet_core,8500000.0,13418865.165759532,11100000.0
Cocoa,2025-09-15,2025-11-10,8,prophet_wx,8500000.0,14147849.139734214,11100000.0
Cocoa,2025-08-18,2025-09-15,4,naive,11100000.0,11866666.666666666,11866666.666666666
Cocoa,2025-08-18,2025-09-15,4,prophet_base,11100000.0,13698262.405419113,11866666.666666666
Cocoa,2025-08-18,2025-09-15,4,prophet_core,11100000.0,8935895.775478244,11866666.666666666
Cocoa,2025-08-18,2025-09-15,4,prophet_wx,11100000.0,13576391.137530629,11866666.666666666
Cocoa,2025-08-18,2025-10-13,8,naive,10400000.0,11866666.666666666,11866666.666666666
Cocoa,2025-08-18,2025-10-13,8,prophet_base,10400000.0,13792118.368986558,11866666.666666666
Cocoa,2025-08-18,2025-10-13,8,prophet_core,10400000.0,12861677.08973595,11866666.666666666
Cocoa,2025-08-18,2025-10-13,8,prophet_wx,10400000.0,13765651.872701103,11866666.666666666
Cocoa,2025-07-21,2025-09-15,8,naive,11100000.0,12000000.0,12000000.0
Cocoa,2025-07-21,2025-09-15,8,prophet_base,11100000.0,15675673.019048147,12000000.0
Cocoa,2025-07-21,2025-09-15,8,prophet_core,11100000.0,9225962.081010215,12000000.0
Cocoa,2025-07-21,2025-09-15,8,prophet_wx,11100000.0,13922103.471922806,12000000.0
Cocoa,2025-06-23,2025-07-21,4,naive,12000000.0,13000000.0,13000000.0
Cocoa,2025-06-23,2025-07-21,4,prophet_base,12000000.0,15386615.800580105,13000000.0
Cocoa,2025-06-23,2025-07-21,4,prophet_core,12000000.0,10383837.947216745,13000000.0
Cocoa,2025-06-23,2025-07-21,4,prophet_wx,12000000.0,14903666.564195665,13000000.0
Cocoa,2025-05-26,2025-06-23,4,naive,13000000.0,13366666.666666666,13366666.666666666
Cocoa,2025-05-26,2025-06-23,4,prophet_base,13000000.0,15492852.267534139,13366666.666666666
Cocoa,2025-05-26,2025-06-23,4,prophet_core,13000000.0,11784593.632002983,13366666.666666666
Cocoa,2025-05-26,2025-06-23,4,prophet_wx,13000000.0,15278319.57785786,13366666.666666666
Cocoa,2025-05-26,2025-07-21,8,naive,12000000.0,13366666.666666666,13366666.666666666
Cocoa,2025-05-26,2025-07-21,8,prophet_base,12000000.0,15647488.655194353,13366666.666666666
Cocoa,2025-05-26,2025-07-21,8,prophet_core,12000000.0,10132089.800645899,13366666.666666666
Cocoa,2025-05-26,2025-07-21,8,prophet_wx,12000000.0,15396332.850009143,13366666.666666666
Cocoa,2025-04-28,2025-06-23,8,naive,13000000.0,13500000.0,13500000.0
Cocoa,2025-04-28,2025-06-23,8,prophet_base,13000000.0,15813013.13522154,13500000.0
Cocoa,2025-04-28,2025-06-23,8,prophet_core,13000000.0,14721797.061359845,13500000.0
Cocoa,2025-04-28,2025-06-23,8,prophet_wx,13000000.0,15838704.174047751,13500000.0
Soybeans,2026-02-02,2026-03-02,4,naive,670000.0,730000.0,730000.0
Soybeans,2026-02-02,2026-03-02,4,prophet_base,670000.0,673980.5785471335,730000.0
Soybeans,2026-02-02,2026-03-02,4,prophet_core,670000.0,942155.4141173697,730000.0
Soybeans,2026-02-02,2026-03-02,4,prophet_wx,670000.0,617089.3589145272,730000.0
Soybeans,2026-02-02,2026-03-30,8,naive,705000.0,730000.0,730000.0
Soybeans,2026-02-02,2026-03-30,8,prophet_base,705000.0,686075.72299616,730000.0
Soybeans,2026-02-02,2026-03-30,8,prophet_core,705000.0,969419.1385864322,730000.0
Soybeans,2026-02-02,2026-03-30,8,prophet_wx,705000.0,639430.7849720815,730000.0
Soybeans,2026-01-05,2026-02-02,4,naive,730000.0,540000.0,540000.0
Soybeans,2026-01-05,2026-02-02,4,prophet_base,730000.0,757535.4742120265,540000.0
Soybeans,2026-01-05,2026-02-02,4,prophet_core,730000.0,997711.7037328454,540000.0
Soybeans,2026-01-05,2026-02-02,4,prophet_wx,730000.0,680242.3897599127,540000.0
Soybeans,2026-01-05,2026-03-02,8,naive,670000.0,540000.0,540000.0
Soybeans,2026-01-05,2026-03-02,8,prophet_base,670000.0,737074.1290695757,540000.0
Soybeans,2026-01-05,2026-03-02,8,prophet_core,670000.0,942563.4923133939,540000.0
Soybeans,2026-01-05,2026-03-02,8,prophet_wx,670000.0,669236.8904739058,540000.0
Soybeans,2025-12-08,2026-01-05,4,naive,540000.0,530000.0,530000.0
Soybeans,2025-12-08,2026-01-05,4,prophet_base,540000.0,824766.5606100819,530000.0
Soybeans,2025-12-08,2026-01-05,4,prophet_core,540000.0,1038185.893384377,530000.0
Soybeans,2025-12-08,2026-01-05,4,prophet_wx,540000.0,779027.0844062638,530000.0
Soybeans,2025-12-08,2026-02-02,8,naive,730000.0,530000.0,530000.0
Soybeans,2025-12-08,2026-02-02,8,prophet_base,730000.0,810236.8948046351,530000.0
Soybeans,2025-12-08,2026-02-02,8,prophet_core,730000.0,999076.5859779414,530000.0
Soybeans,2025-12-08,2026-02-02,8,prophet_wx,730000.0,770681.2366504918,530000.0
Soybeans,2025-11-10,2025-12-08,4,naive,530000.0,620000.0,620000.0
Soybeans,2025-11-10,2025-12-08,4,prophet_base,530000.0,901176.2848648825,620000.0
Soybeans,2025-11-10,2025-12-08,4,prophet_core,530000.0,956968.2134234714,620000.0
Soybeans,2025-11-10,2025-12-08,4,prophet_wx,530000.0,888155.5701209598,620000.0
Soybeans,2025-11-10,2026-01-05,8,naive,540000.0,620000.0,620000.0
Soybeans,2025-11-10,2026-01-05,8,prophet_base,540000.0,852015.7928407587,620000.0
Soybeans,2025-11-10,2026-01-05,8,prophet_core,540000.0,945312.7620966843,620000.0
Soybeans,2025-11-10,2026-01-05,8,prophet_wx,540000.0,844030.1667879348,620000.0
Soybeans,2025-10-13,2025-11-10,4,naive,620000.0,790000.0,790000.0
Soybeans,2025-10-13,2025-11-10,4,prophet_base,620000.0,933327.5821920256,790000.0
Soybeans,2025-10-13,2025-11-10,4,prophet_core,620000.0,1021119.4599342884,790000.0
Soybeans,2025-10-13,2025-11-10,4,prophet_wx,620000.0,931661.2305719856,790000.0
Soybeans,2025-10-13,2025-12-08,8,naive,530000.0,790000.0,790000.0
Soybeans,2025-10-13,2025-12-08,8,prophet_base,530000.0,955761.1108882152,790000.0
Soybeans,2025-10-13,2025-12-08,8,prophet_core,530000.0,959508.3672818622,790000.0
Soybeans,2025-10-13,2025-12-08,8,prophet_wx,530000.0,957626.939800839,790000.0
Soybeans,2025-09-15,2025-10-13,4,naive,790000.0,800000.0,800000.0
Soybeans,2025-09-15,2025-10-13,4,prophet_base,790000.0,983018.8901626333,800000.0
Soybeans,2025-09-15,2025-10-13,4,prophet_core,790000.0,1040235.3633870533,800000.0
Soybeans,2025-09-15,2025-10-13,4,prophet_wx,790000.0,975438.7367698827,800000.0
Soybeans,2025-09-15,2025-11-10,8,naive,620000.0,800000.0,800000.0
Soybeans,2025-09-15,2025-11-10,8,prophet_base,620000.0,1002645.2126770806,800000.0
Soybeans,2025-09-15,2025-11-10,8,prophet_core,620000.0,1065840.8646820488,800000.0
Soybeans,2025-09-15,2025-11-10,8,prophet_wx,620000.0,993257.5120533145,800000.0
Soybeans,2025-08-18,2025-09-15,4,naive,800000.0,840000.0,840000.0
Soybeans,2025-08-18,2025-09-15,4,prophet_base,800000.0,1010248.0290773633,840000.0
Soybeans,2025-08-18,2025-09-15,4,prophet_core,800000.0,998880.4341445836,840000.0
Soybeans,2025-08-18,2025-09-15,4,prophet_wx,800000.0,1007718.7433287614,840000.0
Soybeans,2025-08-18,2025-10-13,8,naive,790000.0,840000.0,840000.0
Soybeans,2025-08-18,2025-10-13,8,prophet_base,790000.0,1024579.4516378545,840000.0
Soybeans,2025-08-18,2025-10-13,8,prophet_core,790000.0,1084966.9245119318,840000.0
Soybeans,2025-08-18,2025-10-13,8,prophet_wx,790000.0,1021055.6634703944,840000.0
Soybeans,2025-07-21,2025-09-15,8,naive,800000.0,920000.0,920000.0
Soybeans,2025-07-21,2025-09-15,8,prophet_base,800000.0,1005225.2269392565,920000.0
Soybeans,2025-07-21,2025-09-15,8,prophet_core,800000.0,945368.342651182,920000.0
Soybeans,2025-07-21,2025-09-15,8,prophet_wx,800000.0,992426.1016097792,920000.0
Soybeans,2025-06-23,2025-07-21,4,naive,920000.0,1020000.0,1020000.0
Soybeans,2025-06-23,2025-07-21,4,prophet_base,920000.0,940612.4019642533,1020000.0
Soybeans,2025-06-23,2025-07-21,4,prophet_core,920000.0,866423.4316366756,1020000.0
Soybeans,2025-06-23,2025-07-21,4,prophet_wx,920000.0,917405.2262427544,1020000.0
Soybeans,2025-05-26,2025-06-23,4,naive,1020000.0,1012000.0,1012000.0
Soybeans,2025-05-26,2025-06-23,4,prophet_base,1020000.0,957433.5859033804,1012000.0
Soybeans,2025-05-26,2025-06-23,4,prophet_core,1020000.0,921678.378133581,1012000.0
Soybeans,2025-05-26,2025-06-23,4,prophet_wx,1020000.0,928075.7062237508,1012000.0
Soybeans,2025-05-26,2025-07-21,8,naive,920000.0,1012000.0,1012000.0
Soybeans,2025-05-26,2025-07-21,8,prophet_base,920000.0,932490.7036983534,1012000.0
Soybeans,2025-05-26,2025-07-21,8,prophet_core,920000.0,862384.9703992333,1012000.0
Soybeans,2025-05-26,2025-07-21,8,prophet_wx,920000.0,910465.7997047656,1012000.0
Soybeans,2025-04-28,2025-06-23,8,naive,1020000.0,956000.0,956000.0
Soybeans,2025-04-28,2025-06-23,8,prophet_base,1020000.0,946386.1108801616,956000.0
Soybeans,2025-04-28,2025-06-23,8,prophet_core,1020000.0,899578.1247037952,956000.0
Soybeans,2025-04-28,2025-06-23,8,prophet_wx,1020000.0,911787.4530069538,956000.0
Cashew Nuts,2026-02-02,2026-03-02,4,naive,1800000.0,1250000.0,1250000.0
Cashew Nuts,2026-02-02,2026-03-02,4,prophet_base,1800000.0,2503795.8222542983,1250000.0
Cashew Nuts,2026-02-02,2026-03-02,4,prophet_core,1800000.0,2574751.0717690336,1250000.0
Cashew Nuts,2026-02-02,2026-03-02,4,prophet_wx,1800000.0,2432439.041212814,1250000.0
Cashew Nuts,2026-02-02,2026-03-30,8,naive,1935000.0,1250000.0,1250000.0
Cashew Nuts,2026-02-02,2026-03-30,8,prophet_base,1935000.0,2430128.9473963017,1250000.0
Cashew Nuts,2026-02-02,2026-03-30,8,prophet_core,1935000.0,2487357.2744422797,1250000.0
Cashew Nuts,2026-02-02,2026-03-30,8,prophet_wx,1935000.0,2378010.5356650115,1250000.0
Cashew Nuts,2026-01-05,2026-02-02,4,naive,1250000.0,1700000.0,1700000.0
Cashew Nuts,2026-01-05,2026-02-02,4,prophet_base,1250000.0,2353145.823062632,1700000.0
Cashew Nuts,2026-01-05,2026-02-02,4,prophet_core,1250000.0,2328506.1179248085,1700000.0
Cashew Nuts,2026-01-05,2026-02-02,4,prophet_wx,1250000.0,2329491.845158175,1700000.0
Cashew Nuts,2026-01-05,2026-03-02,8,naive,1800000.0,1700000.0,1700000.0
Cashew Nuts,2026-01-05,2026-03-02,8,prophet_base,1800000.0,2701776.9926153994,1700000.0
Cashew Nuts,2026-01-05,2026-03-02,8,prophet_core,1800000.0,2753965.143394517,1700000.0
Cashew Nuts,2026-01-05,2026-03-02,8,prophet_wx,1800000.0,2704523.9558074907,1700000.0
Cashew Nuts,2025-12-08,2026-01-05,4,naive,1700000.0,1900000.0,1900000.0
Cashew Nuts,2025-12-08,2026-01-05,4,prophet_base,1700000.0,2576641.2288414068,1900000.0
Cashew Nuts,2025-12-08,2026-01-05,4,prophet_core,1700000.0,2469427.273501747,1900000.0
Cashew Nuts,2025-12-08,2026-01-05,4,prophet_wx,1700000.0,2589044.556893878,1900000.0
Cashew Nuts,2025-12-08,2026-02-02,8,naive,1250000.0,1900000.0,1900000.0
Cashew Nuts,2025-12-08,2026-02-02,8,prophet_base,1250000.0,2438362.2869122596,1900000.0
Cashew Nuts,2025-12-08,2026-02-02,8,prophet_core,1250000.0,2296505.0774571653,1900000.0
Cashew Nuts,2025-12-08,2026-02-02,8,prophet_wx,1250000.0,2435102.8803706686,1900000.0
Cashew Nuts,2025-11-10,2025-12-08,4,naive,1900000.0,2000000.0,2000000.0
Cashew Nuts,2025-11-10,2025-12-08,4,prophet_base,1900000.0,2279810.5211066613,2000000.0
Cashew Nuts,2025-11-10,2025-12-08,4,prophet_core,1900000.0,2027499.6550181422,2000000.0
Cashew Nuts,2025-11-10,2025-12-08,4,prophet_wx,1900000.0,2277816.453032181,2000000.0
Cashew Nuts,2025-11-10,2026-01-05,8,naive,1700000.0,2000000.0,2000000.0
Cashew Nuts,2025-11-10,2026-01-05,8,prophet_base,1700000.0,2664534.4151725816,2000000.0
Cashew Nuts,2025-11-10,2026-01-05,8,prophet_core,1700000.0,2463669.795090838,2000000.0
Cashew Nuts,2025-11-10,2026-01-05,8,prophet_wx,1700000.0,2677573.6759618246,2000000.0
Cashew Nuts,2025-10-13,2025-11-10,4,naive,2000000.0,2500000.0,2500000.0
Cashew Nuts,2025-10-13,2025-11-10,4,prophet_base,2000000.0,2400274.0517352447,2500000.0
Cashew Nuts,2025-10-13,2025-11-10,4,prophet_core,2000000.0,2074855.5932524614,2500000.0
Cashew Nuts,2025-10-13,2025-11-10,4,prophet_wx,2000000.0,2391038.454330005,2500000.0
Cashew Nuts,2025-10-13,2025-12-08,8,naive,1900000.0,2500000.0,2500000.0
Cashew Nuts,2025-10-13,2025-12-08,8,prophet_base,1900000.0,2408632.856592415,2500000.0
Cashew Nuts,2025-10-13,2025-12-08,8,prophet_core,1900000.0,2147339.697410767,2500000.0
Cashew Nuts,2025-10-13,2025-12-08,8,prophet_wx,1900000.0,2406373.5622831117,2500000.0
Cashew Nuts,2025-09-15,2025-10-13,4,naive,2500000.0,2500000.0,2500000.0
Cashew Nuts,2025-09-15,2025-10-13,4,prophet_base,2500000.0,2296905.491818772,2500000.0
Cashew Nuts,2025-09-15,2025-10-13,4,prophet_core,2500000.0,1990038.916270114,2500000.0
Cashew Nuts,2025-09-15,2025-10-13,4,prophet_wx,2500000.0,2312060.607869419,2500000.0
Cashew Nuts,2025-09-15,2025-11-10,8,naive,2000000.0,2500000.0,2500000.0
Cashew Nuts,2025-09-15,2025-11-10,8,prophet_base,2000000.0,2314414.4493814195,2500000.0
Cashew Nuts,2025-09-15,2025-11-10,8,prophet_core,2000000.0,2049883.4148616025,2500000.0
Cashew Nuts,2025-09-15,2025-11-10,8,prophet_wx,2000000.0,2323770.5710110646,2500000.0
Cashew Nuts,2025-08-18,2025-09-15,4,naive,2500000.0,2456666.6666666665,2456666.6666666665
Cashew Nuts,2025-08-18,2025-09-15,4,prophet_base,2500000.0,1893730.8342900893,2456666.6666666665
Cashew Nuts,2025-08-18,2025-09-15,4,prophet_core,2500000.0,1837222.7038197594,2456666.6666666665
Cashew Nuts,2025-08-18,2025-09-15,4,prophet_wx,2500000.0,1873555.4097764504,2456666.6666666665
Cashew Nuts,2025-08-18,2025-10-13,8,naive,2500000.0,2456666.6666666665,2456666.6666666665
Cashew Nuts,2025-08-18,2025-10-13,8,prophet_base,2500000.0,1965198.2819728018,2456666.6666666665
Cashew Nuts,2025-08-18,2025-10-13,8,prophet_core,2500000.0,1917296.6953776372,2456666.6666666665
Cashew Nuts,2025-08-18,2025-10-13,8,prophet_wx,2500000.0,1941952.7997988034,2456666.6666666665
Cashew Nuts,2025-07-21,2025-09-15,8,naive,2500000.0,2370000.0,2370000.0
Cashew Nuts,2025-07-21,2025-09-15,8,prophet_base,2500000.0,1864038.822711191,2370000.0
Cashew Nuts,2025-07-21,2025-09-15,8,prophet_core,2500000.0,1828772.6722414272,2370000.0
Cashew Nuts,2025-07-21,2025-09-15,8,prophet_wx,2500000.0,1856998.6845118625,2370000.0
Cashew Nuts,2025-06-23,2025-07-21,4,naive,2370000.0,2300000.0,2300000.0
Cashew Nuts,2025-06-23,2025-07-21,4,prophet_base,2370000.0,1765776.1947938628,2300000.0
Cashew Nuts,2025-06-23,2025-07-21,4,prophet_core,2370000.0,1752919.1347443808,2300000.0
Cashew Nuts,2025-06-23,2025-07-21,4,prophet_wx,2370000.0,1799795.160020863,2300000.0
Cashew Nuts,2025-05-26,2025-06-23,4,naive,2300000.0,2246666.6666666665,2246666.6666666665
Cashew Nuts,2025-05-26,2025-06-23,4,prophet_base,2300000.0,1678486.3906795385,2246666.6666666665
Cashew Nuts,2025-05-26,2025-06-23,4,prophet_core,2300000.0,1686381.3506199655,2246666.6666666665
Cashew Nuts,2025-05-26,2025-06-23,4,prophet_wx,2300000.0,1691239.0078067426,2246666.6666666665
Cashew Nuts,2025-05-26,2025-07-21,8,naive,2370000.0,2246666.6666666665,2246666.6666666665
Cashew Nuts,2025-05-26,2025-07-21,8,prophet_base,2370000.0,1718294.9027641127,2246666.6666666665
Cashew Nuts,2025-05-26,2025-07-21,8,prophet_core,2370000.0,1733355.8573173613,2246666.6666666665
Cashew Nuts,2025-05-26,2025-07-21,8,prophet_wx,2370000.0,1726620.5438545516,2246666.6666666665
Cashew Nuts,2025-04-28,2025-06-23,8,naive,2300000.0,2140000.0,2140000.0
Cashew Nuts,2025-04-28,2025-06-23,8,prophet_base,2300000.0,1612866.0772203917,2140000.0
Cashew Nuts,2025-04-28,2025-06-23,8,prophet_core,2300000.0,1663873.1540487683,2140000.0
Cashew Nuts,2025-04-28,2025-06-23,8,prophet_wx,2300000.0,1596758.4992703532,2140000.0
Sorghum,2026-02-02,2026-03-02,4,naive,285000.0,300000.0,300000.0
Sorghum,2026-02-02,2026-03-02,4,prophet_base,285000.0,228952.69352688556,300000.0
Sorghum,2026-02-02,2026-03-02,4,prophet_core,285000.0,609458.866942197,300000.0
Sorghum,2026-02-02,2026-03-02,4,prophet_wx,285000.0,220442.89168028472,300000.0
Sorghum,2026-02-02,2026-03-30,8,naive,320000.0,300000.0,300000.0
Sorghum,2026-02-02,2026-03-30,8,prophet_base,320000.0,214810.23893221133,300000.0
Sorghum,2026-02-02,2026-03-30,8,prophet_core,320000.0,596827.5831694959,300000.0
Sorghum,2026-02-02,2026-03-30,8,prophet_wx,320000.0,210874.42393559258,300000.0
Sorghum,2026-01-05,2026-02-02,4,naive,300000.0,330000.0,330000.0
Sorghum,2026-01-05,2026-02-02,4,prophet_base,300000.0,362277.7440642883,330000.0
Sorghum,2026-01-05,2026-02-02,4,prophet_core,300000.0,615622.641925885,330000.0
Sorghum,2026-01-05,2026-02-02,4,prophet_wx,300000.0,334592.2473843003,330000.0
Sorghum,2026-01-05,2026-03-02,8,naive,285000.0,330000.0,330000.0
Sorghum,2026-01-05,2026-03-02,8,prophet_base,285000.0,364589.31118253194,330000.0
Sorghum,2026-01-05,2026-03-02,8,prophet_core,285000.0,610342.8744968139,330000.0
Sorghum,2026-01-05,2026-03-02,8,prophet_wx,285000.0,340234.9243001716,330000.0
Sorghum,2025-12-08,2026-01-05,4,naive,330000.0,330000.0,330000.0
Sorghum,2025-12-08,2026-01-05,4,prophet_base,330000.0,406321.86563826085,330000.0
Sorghum,2025-12-08,2026-01-05,4,prophet_core,330000.0,623934.514419605,330000.0
Sorghum,2025-12-08,2026-01-05,4,prophet_wx,330000.0,386044.80056685477,330000.0
Sorghum,2025-12-08,2026-02-02,8,naive,300000.0,330000.0,330000.0
Sorghum,2025-12-08,2026-02-02,8,prophet_base,300000.0,396718.9006181394,330000.0
Sorghum,2025-12-08,2026-02-02,8,prophet_core,300000.0,610252.8176404586,330000.0
Sorghum,2025-12-08,2026-02-02,8,prophet_wx,300000.0,381059.820965812,330000.0
Sorghum,2025-11-10,2025-12-08,4,naive,330000.0,350000.0,350000.0
Sorghum,2025-11-10,2025-12-08,4,prophet_base,330000.0,408623.8283743523,350000.0
Sorghum,2025-11-10,2025-12-08,4,prophet_core,330000.0,621713.05607395,350000.0
Sorghum,2025-11-10,2025-12-08,4,prophet_wx,330000.0,395581.43841006287,350000.0
Sorghum,2025-11-10,2026-01-05,8,naive,330000.0,350000.0,350000.0
Sorghum,2025-11-10,2026-01-05,8,prophet_base,330000.0,400867.6311055967,350000.0
Sorghum,2025-11-10,2026-01-05,8,prophet_core,330000.0,626545.1635064374,350000.0
Sorghum,2025-11-10,2026-01-05,8,prophet_wx,330000.0,389324.1821284711,350000.0
Sorghum,2025-10-13,2025-11-10,4,naive,350000.0,450000.0,450000.0
Sorghum,2025-10-13,2025-11-10,4,prophet_base,350000.0,330127.76398165803,450000.0
Sorghum,2025-10-13,2025-11-10,4,prophet_core,350000.0,662712.341621082,450000.0
Sorghum,2025-10-13,2025-11-10,4,prophet_wx,350000.0,338022.749687889,450000.0
Sorghum,2025-10-13,2025-12-08,8,naive,330000.0,450000.0,450000.0
Sorghum,2025-10-13,2025-12-08,8,prophet_base,330000.0,368127.07715654053,450000.0
Sorghum,2025-10-13,2025-12-08,8,prophet_core,330000.0,613130.9601596878,450000.0
Sorghum,2025-10-13,2025-12-08,8,prophet_wx,330000.0,369119.00814069493,450000.0
Sorghum,2025-09-15,2025-10-13,4,naive,450000.0,430000.0,430000.0
Sorghum,2025-09-15,2025-10-13,4,prophet_base,450000.0,307482.90074727795,430000.0
Sorghum,2025-09-15,2025-10-13,4,prophet_core,450000.0,715353.7992494024,430000.0
Sorghum,2025-09-15,2025-10-13,4,prophet_wx,450000.0,306730.6213303982,430000.0
Sorghum,2025-09-15,2025-11-10,8,naive,350000.0,430000.0,430000.0
Sorghum,2025-09-15,2025-11-10,8,prophet_base,350000.0,270764.85020116746,430000.0
Sorghum,2025-09-15,2025-11-10,8,prophet_core,350000.0,709279.925542242,430000.0
Sorghum,2025-09-15,2025-11-10,8,prophet_wx,350000.0,271107.22191462,430000.0
Sorghum,2025-08-18,2025-09-15,4,naive,430000.0,407772.7084,407772.7084
Sorghum,2025-08-18,2025-09-15,4,prophet_base,430000.0,677481.1501818531,407772.7084
Sorghum,2025-08-18,2025-09-15,4,prophet_core,430000.0,793251.0288668477,407772.7084
Sorghum,2025-08-18,2025-09-15,4,prophet_wx,430000.0,678013.057059827,407772.7084
Sorghum,2025-08-18,2025-10-13,8,naive,450000.0,407772.7084,407772.7084
Sorghum,2025-08-18,2025-10-13,8,prophet_base,450000.0,566580.8877415868,407772.7084
Sorghum,2025-08-18,2025-10-13,8,prophet_core,450000.0,723469.0662423355,407772.7084
Sorghum,2025-08-18,2025-10-13,8,prophet_wx,450000.0,573341.596979429,407772.7084
Sorghum,2025-07-21,2025-09-15,8,naive,430000.0,495000.0,495000.0
Sorghum,2025-07-21,2025-09-15,8,prophet_base,430000.0,723789.3113511616,495000.0
Sorghum,2025-07-21,2025-09-15,8,prophet_core,430000.0,799161.923820063,495000.0
Sorghum,2025-07-21,2025-09-15,8,prophet_wx,430000.0,715160.5624555158,495000.0
Sorghum,2025-06-23,2025-07-21,4,naive,495000.0,510000.0,510000.0
Sorghum,2025-06-23,2025-07-21,4,prophet_base,495000.0,718888.7649366915,510000.0
Sorghum,2025-06-23,2025-07-21,4,prophet_core,495000.0,805217.4660964556,510000.0
Sorghum,2025-06-23,2025-07-21,4,prophet_wx,495000.0,702728.7940083389,510000.0
Sorghum,2025-05-26,2025-06-23,4,naive,510000.0,505916.5402241936,505916.5402241936
Sorghum,2025-05-26,2025-06-23,4,prophet_base,510000.0,683881.3790562596,505916.5402241936
Sorghum,2025-05-26,2025-06-23,4,prophet_core,510000.0,783730.8089886167,505916.5402241936
Sorghum,2025-05-26,2025-06-23,4,prophet_wx,510000.0,684272.5508340081,505916.5402241936
Sorghum,2025-05-26,2025-07-21,8,naive,495000.0,505916.5402241936,505916.5402241936
Sorghum,2025-05-26,2025-07-21,8,prophet_base,495000.0,731622.9948602618,505916.5402241936
Sorghum,2025-05-26,2025-07-21,8,prophet_core,495000.0,814291.6845078177,505916.5402241936
Sorghum,2025-05-26,2025-07-21,8,prophet_wx,495000.0,732132.8697417686,505916.5402241936
Sorghum,2025-04-28,2025-06-23,8,naive,510000.0,489113.3869741935,489113.3869741935
Sorghum,2025-04-28,2025-06-23,8,prophet_base,510000.0,697820.3105445603,489113.3869741935
Sorghum,2025-04-28,2025-06-23,8,prophet_core,510000.0,797569.899585895,489113.3869741935
Sorghum,2025-04-28,2025-06-23,8,prophet_wx,510000.0,707960.2057981404,489113.3869741935
Beans (white),2026-01-19,2026-02-16,4,naive,618928.0,513000.0,513000.0
Beans (white),2026-01-19,2026-02-16,4,prophet_base,618928.0,257415.36401243252,513000.0
Beans (white),2026-01-19,2026-02-16,4,prophet_core,618928.0,1302615.9671986082,513000.0
Beans (white),2026-01-19,2026-02-16,4,prophet_wx,618928.0,232144.49213714225,513000.0
Beans (white),2026-01-19,2026-03-16,8,naive,813334.0,513000.0,513000.0
Beans (white),2026-01-19,2026-03-16,8,prophet_base,813334.0,387201.7326328075,513000.0
Beans (white),2026-01-19,2026-03-16,8,prophet_core,813334.0,1341928.6631827236,513000.0
Beans (white),2026-01-19,2026-03-16,8,prophet_wx,813334.0,363393.7759692557,513000.0
Beans (white),2025-12-22,2026-01-19,4,naive,513000.0,582615.4375,582615.4375
Beans (white),2025-12-22,2026-01-19,4,prophet_base,513000.0,815508.2008591171,582615.4375
Beans (white),2025-12-22,2026-01-19,4,prophet_core,513000.0,1337851.5979254628,582615.4375
Beans (white),2025-12-22,2026-01-19,4,prophet_wx,513000.0,801346.9734113266,582615.4375
Beans (white),2025-12-22,2026-02-16,8,naive,618928.0,582615.4375,582615.4375
Beans (white),2025-12-22,2026-02-16,8,prophet_base,618928.0,764936.4039501037,582615.4375
Beans (white),2025-12-22,2026-02-16,8,prophet_core,618928.0,1317357.2557727322,582615.4375
Beans (white),2025-12-22,2026-02-16,8,prophet_wx,618928.0,749595.5333088895,582615.4375
Beans (white),2025-11-24,2026-01-19,8,naive,513000.0,694062.5,694062.5
Beans (white),2025-11-24,2026-01-19,8,prophet_base,513000.0,909217.5226882049,694062.5
Beans (white),2025-11-24,2026-01-19,8,prophet_core,513000.0,1413868.899799131,694062.5
Beans (white),2025-11-24,2026-01-19,8,prophet_wx,513000.0,917569.1566296829,694062.5
Beans (white),2025-05-12,2025-06-09,4,naive,1008099.0769230768,1069668.7741935484,1069668.7741935484
Beans (white),2025-05-12,2025-06-09,4,prophet_base,1008099.0769230768,1345380.5578854375,1069668.7741935484
Beans (white),2025-05-12,2025-06-09,4,prophet_core,1008099.0769230768,1567509.5641133073,1069668.7741935484
Beans (white),2025-05-12,2025-06-09,4,prophet_wx,1008099.0769230768,1410043.4648895906,1069668.7741935484
Beans (white),2025-04-14,2025-05-12,4,naive,1069668.7741935484,1109167.8095238097,1109167.8095238097
Beans (white),2025-04-14,2025-05-12,4,prophet_base,1069668.7741935484,1258018.770211382,1109167.8095238097
Beans (white),2025-04-14,2025-05-12,4,prophet_core,1069668.7741935484,1535848.2839267314,1109167.8095238097
Beans (white),2025-04-14,2025-05-12,4,prophet_wx,1069668.7741935484,1315383.950428258,1109167.8095238097
Beans (white),2025-04-14,2025-06-09,8,naive,1008099.0769230768,1109167.8095238097,1109167.8095238097
Beans (white),2025-04-14,2025-06-09,8,prophet_base,1008099.0769230768,1363444.647040134,1109167.8095238097
Beans (white),2025-04-14,2025-06-09,8,prophet_core,1008099.0769230768,1602092.7147500433,1109167.8095238097
Beans (white),2025-04-14,2025-06-09,8,prophet_wx,1008099.0769230768,1443769.088911196,1109167.8095238097
Beans (white),2025-03-17,2025-04-14,4,naive,1109167.8095238097,1140000.0,1140000.0
Beans (white),2025-03-17,2025-04-14,4,prophet_base,1109167.8095238097,1173435.0261461881,1140000.0
Beans (white),2025-03-17,2025-04-14,4,prophet_core,1109167.8095238097,1435828.7114406098,1140000.0
Beans (white),2025-03-17,2025-04-14,4,prophet_wx,1109167.8095238097,1172712.3503052783,1140000.0
Beans (white),2025-03-17,2025-05-12,8,naive,1069668.7741935484,1140000.0,1140000.0
Beans (white),2025-03-17,2025-05-12,8,prophet_base,1069668.7741935484,1218980.1153044926,1140000.0
Beans (white),2025-03-17,2025-05-12,8,prophet_core,1069668.7741935484,1479077.6001296297,1140000.0
Beans (white),2025-03-17,2025-05-12,8,prophet_wx,1069668.7741935484,1215567.7825793647,1140000.0
Beans (red),2026-01-19,2026-02-16,4,naive,764286.0,560000.0,560000.0
Beans (red),2026-01-19,2026-02-16,4,prophet_base,764286.0,365001.794085554,560000.0
Beans (red),2026-01-19,2026-02-16,4,prophet_core,764286.0,1495608.643085355,560000.0
Beans (red),2026-01-19,2026-02-16,4,prophet_wx,764286.0,316669.4415203697,560000.0
Beans (red),2026-01-19,2026-03-16,8,naive,915000.0,560000.0,560000.0
Beans (red),2026-01-19,2026-03-16,8,prophet_base,915000.0,390401.25591131835,560000.0
Beans (red),2026-01-19,2026-03-16,8,prophet_core,915000.0,1495492.542180303,560000.0
Beans (red),2026-01-19,2026-03-16,8,prophet_wx,915000.0,386110.7842031404,560000.0
Beans (red),2025-12-22,2026-01-19,4,naive,560000.0,679745.3636363636,679745.3636363636
Beans (red),2025-12-22,2026-01-19,4,prophet_base,560000.0,894567.6715655385,679745.3636363636
Beans (red),2025-12-22,2026-01-19,4,prophet_core,560000.0,1540124.9164397365,679745.3636363636
Beans (red),2025-12-22,2026-01-19,4,prophet_wx,560000.0,857288.9792264513,679745.3636363636
Beans (red),2025-12-22,2026-02-16,8,naive,764286.0,679745.3636363636,679745.3636363636
Beans (red),2025-12-22,2026-02-16,8,prophet_base,764286.0,919802.4840732439,679745.3636363636
Beans (red),2025-12-22,2026-02-16,8,prophet_core,764286.0,1523488.0942536292,679745.3636363636
Beans (red),2025-12-22,2026-02-16,8,prophet_wx,764286.0,891519.0193127717,679745.3636363636
Beans (red),2025-11-24,2026-01-19,8,naive,560000.0,770000.0,770000.0
Beans (red),2025-11-24,2026-01-19,8,prophet_base,560000.0,946220.2158658997,770000.0
Beans (red),2025-11-24,2026-01-19,8,prophet_core,560000.0,1608029.187338924,770000.0
Beans (red),2025-11-24,2026-01-19,8,prophet_wx,560000.0,958983.7637388441,770000.0
Beans (red),2025-05-12,2025-06-09,4,naive,1085150.0,1145142.0,1145142.0
Beans (red),2025-05-12,2025-06-09,4,prophet_base,1085150.0,1904547.8081104204,1145142.0
Beans (red),2025-05-12,2025-06-09,4,prophet_core,1085150.0,2183323.0511367423,1145142.0
Beans (red),2025-05-12,2025-06-09,4,prophet_wx,1085150.0,1821152.3570478938,1145142.0
Beans (red),2025-04-14,2025-05-12,4,naive,1145142.0,1186825.6,1186825.6
Beans (red),2025-04-14,2025-05-12,4,prophet_base,1145142.0,1525969.9285712433,1186825.6
Beans (red),2025-04-14,2025-05-12,4,prophet_core,1145142.0,2302704.527326922,1186825.6
Beans (red),2025-04-14,2025-05-12,4,prophet_wx,1145142.0,1489333.4837749924,1186825.6
Beans (red),2025-04-14,2025-06-09,8,naive,1085150.0,1186825.6,1186825.6
Beans (red),2025-04-14,2025-06-09,8,prophet_base,1085150.0,1909414.3574852673,1186825.6
Beans (red),2025-04-14,2025-06-09,8,prophet_core,1085150.0,2251944.0032265154,1186825.6
Beans (red),2025-04-14,2025-06-09,8,prophet_wx,1085150.0,1893785.6851261929,1186825.6
Beans (red),2025-03-17,2025-04-14,4,naive,1186825.6,1120000.0,1120000.0
Beans (red),2025-03-17,2025-04-14,4,prophet_base,1186825.6,1292469.3068367476,1120000.0
Beans (red),2025-03-17,2025-04-14,4,prophet_core,1186825.6,2158859.0677641802,1120000.0
Beans (red),2025-03-17,2025-04-14,4,prophet_wx,1186825.6,1232218.0102083334,1120000.0
Beans (red),2025-03-17,2025-05-12,8,naive,1145142.0,1120000.0,1120000.0
Beans (red),2025-03-17,2025-05-12,8,prophet_base,1145142.0,1488582.98564502,1120000.0
Beans (red),2025-03-17,2025-05-12,8,prophet_core,1145142.0,2323638.635959826,1120000.0
Beans (red),2025-03-17,2025-05-12,8,prophet_wx,1145142.0,1421638.1966031445,1120000.0
Maize (white),2026-02-02,2026-03-30,8,naive,576058.38,535077.5675,535077.5675
Maize (white),2026-02-02,2026-03-30,8,prophet_base,576058.38,605368.5177534025,535077.5675
Maize (white),2026-02-02,2026-03-30,8,prophet_core,576058.38,965168.4771343109,535077.5675
Maize (white),2026-02-02,2026-03-30,8,prophet_wx,576058.38,586561.0800630488,535077.5675
Maize (white),2025-04-28,2025-05-26,4,naive,854192.16,881958.65,881958.65
Maize (white),2025-04-28,2025-05-26,4,prophet_base,854192.16,991311.4402293666,881958.65
Maize (white),2025-04-28,2025-05-26,4,prophet_core,854192.16,1003587.7760922298,881958.65
Maize (white),2025-04-28,2025-05-26,4,prophet_wx,854192.16,1008952.4901229515,881958.65
Maize (white),2025-03-31,2025-04-28,4,naive,881958.65,882798.78,882798.78
Maize (white),2025-03-31,2025-04-28,4,prophet_base,881958.65,916387.5664502189,882798.78
Maize (white),2025-03-31,2025-04-28,4,prophet_core,881958.65,877225.3577617019,882798.78
Maize (white),2025-03-31,2025-04-28,4,prophet_wx,881958.65,928188.3909808145,882798.78
Maize (white),2025-03-31,2025-05-26,8,naive,854192.16,882798.78,882798.78
Maize (white),2025-03-31,2025-05-26,8,prophet_base,854192.16,977779.2537675973,882798.78
Maize (white),2025-03-31,2025-05-26,8,prophet_core,854192.16,996172.7477503229,882798.78
Maize (white),2025-03-31,2025-05-26,8,prophet_wx,854192.16,994638.7341337972,882798.78
Maize (yellow),2026-02-02,2026-03-30,8,naive,620832.58,576666.535,576666.535
Maize (yellow),2026-02-02,2026-03-30,8,prophet_base,620832.58,640606.52281349,576666.535
Maize (yellow),2026-02-02,2026-03-30,8,prophet_core,620832.58,1126789.2558590684,576666.535
Maize (yellow),2026-02-02,2026-03-30,8,prophet_wx,620832.58,629539.7055273032,576666.535
Maize (yellow),2025-04-28,2025-05-26,4,naive,920584.35,950508.99,950508.99
Maize (yellow),2025-04-28,2025-05-26,4,prophet_base,920584.35,1191766.038922339,950508.99
Maize (yellow),2025-04-28,2025-05-26,4,prophet_core,920584.35,1336982.615679948,950508.99
Maize (yellow),2025-04-28,2025-05-26,4,prophet_wx,920584.35,1175866.1374208743,950508.99
Maize (yellow),2025-03-31,2025-04-28,4,naive,950508.99,951414.42,951414.42
Maize (yellow),2025-03-31,2025-04-28,4,prophet_base,950508.99,1068159.4681864935,951414.42
Maize (yellow),2025-03-31,2025-04-28,4,prophet_core,950508.99,1158095.915445791,951414.42
Maize (yellow),2025-03-31,2025-04-28,4,prophet_wx,950508.99,1064700.005079173,951414.42
Maize (yellow),2025-03-31,2025-05-26,8,naive,920584.35,951414.42,951414.42
Maize (yellow),2025-03-31,2025-05-26,8,prophet_base,920584.35,1192149.5333664662,951414.42
Maize (yellow),2025-03-31,2025-05-26,8,prophet_core,920584.35,1281028.8730153409,951414.42
Maize (yellow),2025-03-31,2025-05-26,8,prophet_wx,920584.35,1186278.262621391,951414.42
Wheat,2026-01-26,2026-02-23,4,naive,681000.0,676250.0,676250.0
Wheat,2026-01-26,2026-02-23,4,prophet_base,681000.0,653638.1797166569,676250.0
Wheat,2026-01-26,2026-02-23,4,prophet_core,681000.0,781315.3967359669,676250.0
Wheat,2026-01-26,2026-02-23,4,prophet_wx,681000.0,661414.6334903197,676250.0
Wheat,2026-01-26,2026-03-23,8,naive,680600.0,676250.0,676250.0
Wheat,2026-01-26,2026-03-23,8,prophet_base,680600.0,655995.5134059148,676250.0
Wheat,2026-01-26,2026-03-23,8,prophet_core,680600.0,774591.5594039754,676250.0
Wheat,2026-01-26,2026-03-23,8,prophet_wx,680600.0,661854.9362365762,676250.0
Wheat,2025-12-29,2026-01-26,4,naive,676250.0,666422.2244000001,666422.2244000001
Wheat,2025-12-29,2026-01-26,4,prophet_base,676250.0,704391.804555564,666422.2244000001
Wheat,2025-12-29,2026-01-26,4,prophet_core,676250.0,778166.9360517941,666422.2244000001
Wheat,2025-12-29,2026-01-26,4,prophet_wx,676250.0,717611.8360747725,666422.2244000001
Wheat,2025-12-29,2026-02-23,8,naive,681000.0,666422.2244000001,666422.2244000001
Wheat,2025-12-29,2026-02-23,8,prophet_base,681000.0,714702.6689606002,666422.2244000001
Wheat,2025-12-29,2026-02-23,8,prophet_core,681000.0,789930.2979314179,666422.2244000001
Wheat,2025-12-29,2026-02-23,8,prophet_wx,681000.0,729816.8777406751,666422.2244000001
Wheat,2025-12-01,2026-01-26,8,naive,676250.0,661000.002,661000.002
Wheat,2025-12-01,2026-01-26,8,prophet_base,676250.0,710085.0903269846,661000.002
Wheat,2025-12-01,2026-01-26,8,prophet_core,676250.0,776228.461048323,661000.002
Wheat,2025-12-01,2026-01-26,8,prophet_wx,676250.0,728759.6798081698,661000.002
Rice,2026-02-02,2026-03-30,8,naive,1760812.85,1664229.0875,1664229.0875
Rice,2026-02-02,2026-03-30,8,prophet_base,1760812.85,1944630.403201547,1664229.0875
Rice,2026-02-02,2026-03-30,8,prophet_core,1760812.85,2603639.1875826064,1664229.0875
Rice,2026-02-02,2026-03-30,8,prophet_wx,1760812.85,1868443.9909354118,1664229.0875
Rice,2025-04-28,2025-05-26,4,naive,2339859.93,2348918.23,2348918.23
Rice,2025-04-28,2025-05-26,4,prophet_base,2339859.93,2449703.2473259214,2348918.23
Rice,2025-04-28,2025-05-26,4,prophet_core,2339859.93,2323859.1444347417,2348918.23
Rice,2025-04-28,2025-05-26,4,prophet_wx,2339859.93,2429034.049428342,2348918.23
Rice,2025-03-31,2025-04-28,4,naive,2348918.23,2365743.3,2365743.3
Rice,2025-03-31,2025-04-28,4,prophet_base,2348918.23,2359253.5738945655,2365743.3
Rice,2025-03-31,2025-04-28,4,prophet_core,2348918.23,2152723.193013253,2365743.3
Rice,2025-03-31,2025-04-28,4,prophet_wx,2348918.23,2323633.8905438217,2365743.3
Rice,2025-03-31,2025-05-26,8,naive,2339859.93,2365743.3,2365743.3
Rice,2025-03-31,2025-05-26,8,prophet_base,2339859.93,2454486.684312087,2365743.3
Rice,2025-03-31,2025-05-26,8,prophet_core,2339859.93,2320974.650380545,2365743.3
Rice,2025-03-31,2025-05-26,8,prophet_wx,2339859.93,2419250.3436538335,2365743.3
Meat (beef),2026-02-02,2026-03-02,4,naive,5680923.529,5856131.541,5856131.541
Meat (beef),2026-02-02,2026-03-02,4,prophet_base,5680923.529,6284332.855876591,5856131.541
Meat (beef),2026-02-02,2026-03-02,4,prophet_core,5680923.529,6651663.923114833,5856131.541
Meat (beef),2026-02-02,2026-03-02,4,prophet_wx,5680923.529,5882013.9638345465,5856131.541
Meat (beef),2026-02-02,2026-03-30,8,naive,5662410.39,5856131.541,5856131.541
Meat (beef),2026-02-02,2026-03-30,8,prophet_base,5662410.39,6084510.627616153,5856131.541
Meat (beef),2026-02-02,2026-03-30,8,prophet_core,5662410.39,6561910.324006493,5856131.541
Meat (beef),2026-02-02,2026-03-30,8,prophet_wx,5662410.39,5749084.5083986325,5856131.541
Meat (beef),2026-01-05,2026-02-02,4,naive,5856131.541,5959474.305,5959474.305
Meat (beef),2026-01-05,2026-02-02,4,prophet_base,5856131.541,6510825.516636403,5959474.305
Meat (beef),2026-01-05,2026-02-02,4,prophet_core,5856131.541,7192628.333791822,5959474.305
Meat (beef),2026-01-05,2026-02-02,4,prophet_wx,5856131.541,6191892.532426322,5959474.305
Meat (beef),2026-01-05,2026-03-02,8,naive,5680923.529,5959474.305,5959474.305
Meat (beef),2026-01-05,2026-03-02,8,prophet_base,5680923.529,6193307.645788344,5959474.305
Meat (beef),2026-01-05,2026-03-02,8,prophet_core,5680923.529,6690726.184941928,5959474.305
Meat (beef),2026-01-05,2026-03-02,8,prophet_wx,5680923.529,5834446.117481814,5959474.305
Meat (beef),2025-12-08,2026-01-05,4,naive,5959474.305,5833010.632,5833010.632
Meat (beef),2025-12-08,2026-01-05,4,prophet_base,5959474.305,6891952.78110652,5833010.632
Meat (beef),2025-12-08,2026-01-05,4,prophet_core,5959474.305,7608168.690423697,5833010.632
Meat (beef),2025-12-08,2026-01-05,4,prophet_wx,5959474.305,6647538.382973164,5833010.632
Meat (beef),2025-12-08,2026-02-02,8,naive,5856131.541,5833010.632,5833010.632
Meat (beef),2025-12-08,2026-02-02,8,prophet_base,5856131.541,6681855.4108240465,5833010.632
Meat (beef),2025-12-08,2026-02-02,8,prophet_core,5856131.541,7348106.834533551,5833010.632
Meat (beef),2025-12-08,2026-02-02,8,prophet_wx,5856131.541,6468604.791737866,5833010.632
Meat (beef),2025-11-10,2025-12-08,4,naive,5833010.632,5722070.0,5722070.0
Meat (beef),2025-11-10,2025-12-08,4,prophet_base,5833010.632,7083170.499486788,5722070.0
Meat (beef),2025-11-10,2025-12-08,4,prophet_core,5833010.632,7450768.411981218,5722070.0
Meat (beef),2025-11-10,2025-12-08,4,prophet_wx,5833010.632,6889666.608938921,5722070.0
Meat (beef),2025-11-10,2026-01-05,8,naive,5959474.305,5722070.0,5722070.0
Meat (beef),2025-11-10,2026-01-05,8,prophet_base,5959474.305,7245190.421039693,5722070.0
Meat (beef),2025-11-10,2026-01-05,8,prophet_core,5959474.305,7736923.344812301,5722070.0
Meat (beef),2025-11-10,2026-01-05,8,prophet_wx,5959474.305,7108456.042631763,5722070.0
Meat (beef),2025-10-13,2025-11-10,4,naive,5722070.0,6038068.0,6038068.0
Meat (beef),2025-10-13,2025-11-10,4,prophet_base,5722070.0,6761958.547485023,6038068.0
Meat (beef),2025-10-13,2025-11-10,4,prophet_core,5722070.0,7091283.124422098,6038068.0
Meat (beef),2025-10-13,2025-11-10,4,prophet_wx,5722070.0,6747052.177404724,6038068.0
Meat (beef),2025-10-13,2025-12-08,8,naive,5833010.632,6038068.0,6038068.0
Meat (beef),2025-10-13,2025-12-08,8,prophet_base,5833010.632,7153419.880043251,6038068.0
Meat (beef),2025-10-13,2025-12-08,8,prophet_core,5833010.632,7553544.419469928,6038068.0
Meat (beef),2025-10-13,2025-12-08,8,prophet_wx,5833010.632,7109286.311115537,6038068.0
Meat (beef),2025-09-15,2025-10-13,4,naive,6038068.0,6134967.391,6134967.391
Meat (beef),2025-09-15,2025-10-13,4,prophet_base,6038068.0,6644358.395470949,6134967.391
Meat (beef),2025-09-15,2025-10-13,4,prophet_core,6038068.0,6843687.826134118,6134967.391
Meat (beef),2025-09-15,2025-10-13,4,prophet_wx,6038068.0,6619491.394002487,6134967.391
Meat (beef),2025-09-15,2025-11-10,8,naive,5722070.0,6134967.391,6134967.391
Meat (beef),2025-09-15,2025-11-10,8,prophet_base,5722070.0,6960967.327792737,6134967.391
Meat (beef),2025-09-15,2025-11-10,8,prophet_core,5722070.0,7161457.767330876,6134967.391
Meat (beef),2025-09-15,2025-11-10,8,prophet_wx,5722070.0,6933533.79435669,6134967.391
Meat (beef),2025-08-18,2025-09-15,4,naive,6134967.391,6099539.66,6099539.66
Meat (beef),2025-08-18,2025-09-15,4,prophet_base,6134967.391,6658050.691020469,6099539.66
Meat (beef),2025-08-18,2025-09-15,4,prophet_core,6134967.391,6676539.236637556,6099539.66
Meat (beef),2025-08-18,2025-09-15,4,prophet_wx,6134967.391,6635901.86218111,6099539.66
Meat (beef),2025-08-18,2025-10-13,8,naive,6038068.0,6099539.66,6099539.66
Meat (beef),2025-08-18,2025-10-13,8,prophet_base,6038068.0,6839038.290067213,6099539.66
Meat (beef),2025-08-18,2025-10-13,8,prophet_core,6038068.0,6858834.523344289,6099539.66
Meat (beef),2025-08-18,2025-10-13,8,prophet_wx,6038068.0,6849418.476773602,6099539.66
Meat (beef),2025-07-21,2025-08-18,4,naive,6099539.66,6504813.539,6504813.539
Meat (beef),2025-07-21,2025-08-18,4,prophet_base,6099539.66,6896815.887414652,6504813.539
Meat (beef),2025-07-21,2025-08-18,4,prophet_core,6099539.66,6750924.658489435,6504813.539
Meat (beef),2025-07-21,2025-08-18,4,prophet_wx,6099539.66,6917619.877711031,6504813.539
Meat (beef),2025-07-21,2025-09-15,8,naive,6134967.391,6504813.539,6504813.539
Meat (beef),2025-07-21,2025-09-15,8,prophet_base,6134967.391,6718148.245219162,6504813.539
Meat (beef),2025-07-21,2025-09-15,8,prophet_core,6134967.391,6619479.029323139,6504813.539
Meat (beef),2025-07-21,2025-09-15,8,prophet_wx,6134967.391,6639028.380951816,6504813.539
Meat (beef),2025-06-23,2025-07-21,4,naive,6504813.539,6365084.957,6365084.957
Meat (beef),2025-06-23,2025-07-21,4,prophet_base,6504813.539,5960800.098267164,6365084.957
Meat (beef),2025-06-23,2025-07-21,4,prophet_core,6504813.539,5782971.6005032435,6365084.957
Meat (beef),2025-06-23,2025-07-21,4,prophet_wx,6504813.539,5885709.778605659,6365084.957
Meat (beef),2025-06-23,2025-08-18,8,naive,6099539.66,6365084.957,6365084.957
Meat (beef),2025-06-23,2025-08-18,8,prophet_base,6099539.66,6729688.159492527,6365084.957
Meat (beef),2025-06-23,2025-08-18,8,prophet_core,6099539.66,6542191.0630375305,6365084.957
Meat (beef),2025-06-23,2025-08-18,8,prophet_wx,6099539.66,6629621.369796967,6365084.957
Meat (beef),2025-05-26,2025-06-23,4,naive,6365084.957,5971569.576,5971569.576
Meat (beef),2025-05-26,2025-06-23,4,prophet_base,6365084.957,5845774.020209103,5971569.576
Meat (beef),2025-05-26,2025-06-23,4,prophet_core,6365084.957,5671859.751389938,5971569.576
Meat (beef),2025-05-26,2025-06-23,4,prophet_wx,6365084.957,5680724.526994716,5971569.576
Meat (beef),2025-05-26,2025-07-21,8,naive,6504813.539,5971569.576,5971569.576
Meat (beef),2025-05-26,2025-07-21,8,prophet_base,6504813.539,5911477.636687137,5971569.576
Meat (beef),2025-05-26,2025-07-21,8,prophet_core,6504813.539,5749556.932036346,5971569.576
Meat (beef),2025-05-26,2025-07-21,8,prophet_wx,6504813.539,5839330.8063270645,5971569.576
Meat (beef),2025-04-28,2025-05-26,4,naive,5971569.576,5550127.441,5550127.441
Meat (beef),2025-04-28,2025-05-26,4,prophet_base,5971569.576,5796607.228726848,5550127.441
Meat (beef),2025-04-28,2025-05-26,4,prophet_core,5971569.576,5556311.354842312,5550127.441
Meat (beef),2025-04-28,2025-05-26,4,prophet_wx,5971569.576,5608037.608719415,5550127.441
Meat (beef),2025-04-28,2025-06-23,8,naive,6365084.957,5550127.441,5550127.441
Meat (beef),2025-04-28,2025-06-23,8,prophet_base,6365084.957,5833861.325775875,5550127.441
Meat (beef),2025-04-28,2025-06-23,8,prophet_core,6365084.957,5657790.1832236815,5550127.441
Meat (beef),2025-04-28,2025-06-23,8,prophet_wx,6365084.957,5645779.209350952,5550127.441
Meat (beef),2025-03-31,2025-04-28,4,naive,5550127.441,5146708.266,5146708.266
Meat (beef),2025-03-31,2025-04-28,4,prophet_base,5550127.441,5445732.409963063,5146708.266
Meat (beef),2025-03-31,2025-04-28,4,prophet_core,5550127.441,5223237.242718221,5146708.266
Meat (beef),2025-03-31,2025-04-28,4,prophet_wx,5550127.441,5235551.740831669,5146708.266
Meat (beef),2025-03-31,2025-05-26,8,naive,5971569.576,5146708.266,5146708.266
Meat (beef),2025-03-31,2025-05-26,8,prophet_base,5971569.576,5787509.453352511,5146708.266
Meat (beef),2025-03-31,2025-05-26,8,prophet_core,5971569.576,5592045.222423666,5146708.266
Meat (beef),2025-03-31,2025-05-26,8,prophet_wx,5971569.576,5557801.42330431,5146708.266
Meat (goat),2026-02-02,2026-03-02,4,naive,5807537.25,5906462.0,5906462.0
Meat (goat),2026-02-02,2026-03-02,4,prophet_base,5807537.25,6733366.117893658,5906462.0
Meat (goat),2026-02-02,2026-03-02,4,prophet_core,5807537.25,6903626.612201786,5906462.0
Meat (goat),2026-02-02,2026-03-02,4,prophet_wx,5807537.25,6508394.9257180495,5906462.0
Meat (goat),2026-02-02,2026-03-30,8,naive,5737854.58,5906462.0,5906462.0
Meat (goat),2026-02-02,2026-03-30,8,prophet_base,5737854.58,6610466.083674329,5906462.0
Meat (goat),2026-02-02,2026-03-30,8,prophet_core,5737854.58,6967295.86308367,5906462.0
Meat (goat),2026-02-02,2026-03-30,8,prophet_wx,5737854.58,6461043.471707184,5906462.0
Meat (goat),2026-01-05,2026-02-02,4,naive,5906462.0,6165253.364,6165253.364
Meat (goat),2026-01-05,2026-02-02,4,prophet_base,5906462.0,7322015.472806002,6165253.364
Meat (goat),2026-01-05,2026-02-02,4,prophet_core,5906462.0,7853969.53629619,6165253.364
Meat (goat),2026-01-05,2026-02-02,4,prophet_wx,5906462.0,7391054.886997959,6165253.364
Meat (goat),2026-01-05,2026-03-02,8,naive,5807537.25,6165253.364,6165253.364
Meat (goat),2026-01-05,2026-03-02,8,prophet_base,5807537.25,6900459.381383968,6165253.364
Meat (goat),2026-01-05,2026-03-02,8,prophet_core,5807537.25,6935943.489708559,6165253.364
Meat (goat),2026-01-05,2026-03-02,8,prophet_wx,5807537.25,6539588.366926599,6165253.364
Meat (goat),2025-12-08,2026-01-05,4,naive,6165253.364,6291961.253,6291961.253
Meat (goat),2025-12-08,2026-01-05,4,prophet_base,6165253.364,7043931.025094239,6291961.253
Meat (goat),2025-12-08,2026-01-05,4,prophet_core,6165253.364,7555812.473462598,6291961.253
Meat (goat),2025-12-08,2026-01-05,4,prophet_wx,6165253.364,7281227.972666829,6291961.253
Meat (goat),2025-12-08,2026-02-02,8,naive,5906462.0,6291961.253,6291961.253
Meat (goat),2025-12-08,2026-02-02,8,prophet_base,5906462.0,7453633.066373521,6291961.253
Meat (goat),2025-12-08,2026-02-02,8,prophet_core,5906462.0,7844823.505039226,6291961.253
Meat (goat),2025-12-08,2026-02-02,8,prophet_wx,5906462.0,7586296.241980507,6291961.253
Meat (goat),2025-11-10,2025-12-08,4,naive,6291961.253,6260564.444,6260564.444
Meat (goat),2025-11-10,2025-12-08,4,prophet_base,6291961.253,6435480.525483219,6260564.444
Meat (goat),2025-11-10,2025-12-08,4,prophet_core,6291961.253,6628899.257786138,6260564.444
Meat (goat),2025-11-10,2025-12-08,4,prophet_wx,6291961.253,6480034.334287001,6260564.444
Meat (goat),2025-11-10,2026-01-05,8,naive,6165253.364,6260564.444,6260564.444
Meat (goat),2025-11-10,2026-01-05,8,prophet_base,6165253.364,7054101.391224174,6260564.444
Meat (goat),2025-11-10,2026-01-05,8,prophet_core,6165253.364,7663940.376588686,6260564.444
Meat (goat),2025-11-10,2026-01-05,8,prophet_wx,6165253.364,7262499.107942458,6260564.444
Meat (goat),2025-10-13,2025-11-10,4,naive,6260564.444,6148440.952,6148440.952
Meat (goat),2025-10-13,2025-11-10,4,prophet_base,6260564.444,6490480.795602581,6148440.952
Meat (goat),2025-10-13,2025-11-10,4,prophet_core,6260564.444,6704328.128830803,6148440.952
Meat (goat),2025-10-13,2025-11-10,4,prophet_wx,6260564.444,6445361.987209181,6148440.952
Meat (goat),2025-10-13,2025-12-08,8,naive,6291961.253,6148440.952,6148440.952
Meat (goat),2025-10-13,2025-12-08,8,prophet_base,6291961.253,6500835.661726104,6148440.952
Meat (goat),2025-10-13,2025-12-08,8,prophet_core,6291961.253,6580013.188456259,6148440.952
Meat (goat),2025-10-13,2025-12-08,8,prophet_wx,6291961.253,6451387.9370547915,6148440.952
Meat (goat),2025-09-15,2025-10-13,4,naive,6148440.952,5796757.895,5796757.895
Meat (goat),2025-09-15,2025-10-13,4,prophet_base,6148440.952,6152499.539868311,5796757.895
Meat (goat),2025-09-15,2025-10-13,4,prophet_core,6148440.952,6336313.216255592,5796757.895
Meat (goat),2025-09-15,2025-10-13,4,prophet_wx,6148440.952,6257389.226014126,5796757.895
Meat (goat),2025-09-15,2025-11-10,8,naive,6260564.444,5796757.895,5796757.895
Meat (goat),2025-09-15,2025-11-10,8,prophet_base,6260564.444,6508054.680618144,5796757.895
Meat (goat),2025-09-15,2025-11-10,8,prophet_core,6260564.444,6707412.520892186,5796757.895
Meat (goat),2025-09-15,2025-11-10,8,prophet_wx,6260564.444,6557879.253315694,5796757.895
Meat (goat),2025-08-18,2025-09-15,4,naive,5796757.895,6096990.912,6096990.912
Meat (goat),2025-08-18,2025-09-15,4,prophet_base,5796757.895,5828404.486855,6096990.912
Meat (goat),2025-08-18,2025-09-15,4,prophet_core,5796757.895,6039282.292698541,6096990.912
Meat (goat),2025-08-18,2025-09-15,4,prophet_wx,5796757.895,5947080.798505714,6096990.912
Meat (goat),2025-08-18,2025-10-13,8,naive,6148440.952,6096990.912,6096990.912
Meat (goat),2025-08-18,2025-10-13,8,prophet_base,6148440.952,5869466.850315086,6096990.912
Meat (goat),2025-08-18,2025-10-13,8,prophet_core,6148440.952,6258839.006893417,6096990.912
Meat (goat),2025-08-18,2025-10-13,8,prophet_wx,6148440.952,6163644.130523431,6096990.912
Meat (goat),2025-07-21,2025-08-18,4,naive,6096990.912,5906813.292,5906813.292
Meat (goat),2025-07-21,2025-08-18,4,prophet_base,6096990.912,6270407.710069422,5906813.292
Meat (goat),2025-07-21,2025-08-18,4,prophet_core,6096990.912,6629887.399816017,5906813.292
Meat (goat),2025-07-21,2025-08-18,4,prophet_wx,6096990.912,6543672.74138187,5906813.292
Meat (goat),2025-07-21,2025-09-15,8,naive,5796757.895,5906813.292,5906813.292
Meat (goat),2025-07-21,2025-09-15,8,prophet_base,5796757.895,5985951.193816784,5906813.292
Meat (goat),2025-07-21,2025-09-15,8,prophet_core,5796757.895,6150151.398125315,5906813.292
Meat (goat),2025-07-21,2025-09-15,8,prophet_wx,5796757.895,6009507.335548444,5906813.292
Meat (goat),2025-06-23,2025-07-21,4,naive,5906813.292,5864061.733,5864061.733
Meat (goat),2025-06-23,2025-07-21,4,prophet_base,5906813.292,5391871.461034679,5864061.733
Meat (goat),2025-06-23,2025-07-21,4,prophet_core,5906813.292,5634723.604145787,5864061.733
Meat (goat),2025-06-23,2025-07-21,4,prophet_wx,5906813.292,5513870.050669515,5864061.733
Meat (goat),2025-06-23,2025-08-18,8,naive,6096990.912,5864061.733,5864061.733
Meat (goat),2025-06-23,2025-08-18,8,prophet_base,6096990.912,6232334.091022903,5864061.733
Meat (goat),2025-06-23,2025-08-18,8,prophet_core,6096990.912,6656206.86909594,5864061.733
Meat (goat),2025-06-23,2025-08-18,8,prophet_wx,6096990.912,6351710.519515499,5864061.733
Meat (goat),2025-05-26,2025-06-23,4,naive,5864061.733,5888718.292,5888718.292
Meat (goat),2025-05-26,2025-06-23,4,prophet_base,5864061.733,5521520.654080468,5888718.292
Meat (goat),2025-05-26,2025-06-23,4,prophet_core,5864061.733,5732372.164577828,5888718.292
Meat (goat),2025-05-26,2025-06-23,4,prophet_wx,5864061.733,5635001.769971123,5888718.292
Meat (goat),2025-05-26,2025-07-21,8,naive,5906813.292,5888718.292,5888718.292
Meat (goat),2025-05-26,2025-07-21,8,prophet_base,5906813.292,5256699.774045995,5888718.292
Meat (goat),2025-05-26,2025-07-21,8,prophet_core,5906813.292,5681708.112791053,5888718.292
Meat (goat),2025-05-26,2025-07-21,8,prophet_wx,5906813.292,5441958.66754621,5888718.292
Meat (goat),2025-04-28,2025-05-26,4,naive,5888718.292,6064119.435,6064119.435
Meat (goat),2025-04-28,2025-05-26,4,prophet_base,5888718.292,5203139.789709985,6064119.435
Meat (goat),2025-04-28,2025-05-26,4,prophet_core,5888718.292,5219817.956018964,6064119.435
Meat (goat),2025-04-28,2025-05-26,4,prophet_wx,5888718.292,5251126.476104473,6064119.435
Meat (goat),2025-04-28,2025-06-23,8,naive,5864061.733,6064119.435,6064119.435
Meat (goat),2025-04-28,2025-06-23,8,prophet_base,5864061.733,5461867.952325983,6064119.435
Meat (goat),2025-04-28,2025-06-23,8,prophet_core,5864061.733,5677518.0287606185,6064119.435
Meat (goat),2025-04-28,2025-06-23,8,prophet_wx,5864061.733,5428797.922564146,6064119.435
Meat (goat),2025-03-31,2025-04-28,4,naive,6064119.435,5415999.905,5415999.905
Meat (goat),2025-03-31,2025-04-28,4,prophet_base,6064119.435,4827864.800457738,5415999.905
Meat (goat),2025-03-31,2025-04-28,4,prophet_core,6064119.435,5003292.766710503,5415999.905
Meat (goat),2025-03-31,2025-04-28,4,prophet_wx,6064119.435,4794033.039283215,5415999.905
Meat (goat),2025-03-31,2025-05-26,8,naive,5888718.292,5415999.905,5415999.905
Meat (goat),2025-03-31,2025-05-26,8,prophet_base,5888718.292,4901802.344734062,5415999.905
Meat (goat),2025-03-31,2025-05-26,8,prophet_core,5888718.292,5122527.079530009,5415999.905
Meat (goat),2025-03-31,2025-05-26,8,prophet_wx,5888718.292,4855280.945280359,5415999.905
Fish (dried),2026-02-02,2026-03-02,4,naive,1572317.946,1692054.007,1692054.007
Fish (dried),2026-02-02,2026-03-02,4,prophet_base,1572317.946,1361300.465481849,1692054.007
Fish (dried),2026-02-02,2026-03-02,4,prophet_core,1572317.946,1538050.0359745745,1692054.007
Fish (dried),2026-02-02,2026-03-02,4,prophet_wx,1572317.946,1362328.7481097612,1692054.007
Fish (dried),2026-02-02,2026-03-30,8,naive,1455225.35,1692054.007,1692054.007
Fish (dried),2026-02-02,2026-03-30,8,prophet_base,1455225.35,1488385.9974482895,1692054.007
Fish (dried),2026-02-02,2026-03-30,8,prophet_core,1455225.35,1570867.1638733938,1692054.007
Fish (dried),2026-02-02,2026-03-30,8,prophet_wx,1455225.35,1486606.3018611204,1692054.007
Fish (dried),2026-01-05,2026-02-02,4,naive,1692054.007,1493256.886,1493256.886
Fish (dried),2026-01-05,2026-02-02,4,prophet_base,1692054.007,1720614.6693210527,1493256.886
Fish (dried),2026-01-05,2026-02-02,4,prophet_core,1692054.007,1619325.157596071,1493256.886
Fish (dried),2026-01-05,2026-02-02,4,prophet_wx,1692054.007,1733774.8603947638,1493256.886
Fish (dried),2026-01-05,2026-03-02,8,naive,1572317.946,1493256.886,1493256.886
Fish (dried),2026-01-05,2026-03-02,8,prophet_base,1572317.946,1644933.003928527,1493256.886
Fish (dried),2026-01-05,2026-03-02,8,prophet_core,1572317.946,1548752.6782334251,1493256.886
Fish (dried),2026-01-05,2026-03-02,8,prophet_wx,1572317.946,1659056.821327478,1493256.886
Fish (dried),2025-12-08,2026-01-05,4,naive,1493256.886,1559460.791,1559460.791
Fish (dried),2025-12-08,2026-01-05,4,prophet_base,1493256.886,1917524.5487953145,1559460.791
Fish (dried),2025-12-08,2026-01-05,4,prophet_core,1493256.886,1629231.7472542734,1559460.791
Fish (dried),2025-12-08,2026-01-05,4,prophet_wx,1493256.886,1959826.374767242,1559460.791
Fish (dried),2025-12-08,2026-02-02,8,naive,1692054.007,1559460.791,1559460.791
Fish (dried),2025-12-08,2026-02-02,8,prophet_base,1692054.007,1845920.6446191838,1559460.791
Fish (dried),2025-12-08,2026-02-02,8,prophet_core,1692054.007,1611540.2728177274,1559460.791
Fish (dried),2025-12-08,2026-02-02,8,prophet_wx,1692054.007,1873298.7038640536,1559460.791
Fish (dried),2025-11-10,2025-12-08,4,naive,1559460.791,1631396.129,1631396.129
Fish (dried),2025-11-10,2025-12-08,4,prophet_base,1559460.791,1639360.987747267,1631396.129
Fish (dried),2025-11-10,2025-12-08,4,prophet_core,1559460.791,1539967.4709249986,1631396.129
Fish (dried),2025-11-10,2025-12-08,4,prophet_wx,1559460.791,1656992.4299443576,1631396.129
Fish (dried),2025-11-10,2026-01-05,8,naive,1493256.886,1631396.129,1631396.129
Fish (dried),2025-11-10,2026-01-05,8,prophet_base,1493256.886,1861047.0047838297,1631396.129
Fish (dried),2025-11-10,2026-01-05,8,prophet_core,1493256.886,1739334.9511673946,1631396.129
Fish (dried),2025-11-10,2026-01-05,8,prophet_wx,1493256.886,1850447.8355053968,1631396.129
Fish (dried),2025-10-13,2025-11-10,4,naive,1631396.129,1490683.6,1490683.6
Fish (dried),2025-10-13,2025-11-10,4,prophet_base,1631396.129,970317.7646038576,1490683.6
Fish (dried),2025-10-13,2025-11-10,4,prophet_core,1631396.129,1255363.0768659022,1490683.6
Fish (dried),2025-10-13,2025-11-10,4,prophet_wx,1631396.129,982588.7689352973,1490683.6
Fish (dried),2025-10-13,2025-12-08,8,naive,1559460.791,1490683.6,1490683.6
Fish (dried),2025-10-13,2025-12-08,8,prophet_base,1559460.791,1498171.9763288228,1490683.6
Fish (dried),2025-10-13,2025-12-08,8,prophet_core,1559460.791,1555651.981583988,1490683.6
Fish (dried),2025-10-13,2025-12-08,8,prophet_wx,1559460.791,1514798.2048277408,1490683.6
Fish (dried),2025-09-15,2025-10-13,4,naive,1490683.6,1497332.174,1497332.174
Fish (dried),2025-09-15,2025-10-13,4,prophet_base,1490683.6,847501.168430728,1497332.174
Fish (dried),2025-09-15,2025-10-13,4,prophet_core,1490683.6,1340796.4663510562,1497332.174
Fish (dried),2025-09-15,2025-10-13,4,prophet_wx,1490683.6,847861.9554638102,1497332.174
Fish (dried),2025-09-15,2025-11-10,8,naive,1631396.129,1497332.174,1497332.174
Fish (dried),2025-09-15,2025-11-10,8,prophet_base,1631396.129,745197.5624216415,1497332.174
Fish (dried),2025-09-15,2025-11-10,8,prophet_core,1631396.129,1257344.0893561628,1497332.174
Fish (dried),2025-09-15,2025-11-10,8,prophet_wx,1631396.129,762971.4981314235,1497332.174
Fish (dried),2025-08-18,2025-09-15,4,naive,1497332.174,1269838.645,1269838.645
Fish (dried),2025-08-18,2025-09-15,4,prophet_base,1497332.174,1123392.469127607,1269838.645
Fish (dried),2025-08-18,2025-09-15,4,prophet_core,1497332.174,1365902.2213482724,1269838.645
Fish (dried),2025-08-18,2025-09-15,4,prophet_wx,1497332.174,1083971.9093634142,1269838.645
Fish (dried),2025-08-18,2025-10-13,8,naive,1490683.6,1269838.645,1269838.645
Fish (dried),2025-08-18,2025-10-13,8,prophet_base,1490683.6,839190.3188143758,1269838.645
Fish (dried),2025-08-18,2025-10-13,8,prophet_core,1490683.6,1231619.4347035275,1269838.645
Fish (dried),2025-08-18,2025-10-13,8,prophet_wx,1490683.6,819743.6865076022,1269838.645
Fish (dried),2025-07-21,2025-08-18,4,naive,1269838.645,1057064.27,1057064.27
Fish (dried),2025-07-21,2025-08-18,4,prophet_base,1269838.645,1401218.976824968,1057064.27
Fish (dried),2025-07-21,2025-08-18,4,prophet_core,1269838.645,1990575.0423839926,1057064.27
Fish (dried),2025-07-21,2025-08-18,4,prophet_wx,1269838.645,1393164.471569114,1057064.27
Fish (dried),2025-07-21,2025-09-15,8,naive,1497332.174,1057064.27,1057064.27
Fish (dried),2025-07-21,2025-09-15,8,prophet_base,1497332.174,1170647.5030995824,1057064.27
Fish (dried),2025-07-21,2025-09-15,8,prophet_core,1497332.174,1542719.9946844308,1057064.27
Fish (dried),2025-07-21,2025-09-15,8,prophet_wx,1497332.174,1181027.090212948,1057064.27
Fish (dried),2025-06-23,2025-07-21,4,naive,1057064.27,1017768.439,1017768.439
Fish (dried),2025-06-23,2025-07-21,4,prophet_base,1057064.27,2339081.5370383863,1017768.439
Fish (dried),2025-06-23,2025-07-21,4,prophet_core,1057064.27,2256336.284280561,1017768.439
Fish (dried),2025-06-23,2025-07-21,4,prophet_wx,1057064.27,2403666.750600344,1017768.439
Fish (dried),2025-06-23,2025-08-18,8,naive,1269838.645,1017768.439,1017768.439
Fish (dried),2025-06-23,2025-08-18,8,prophet_base,1269838.645,1784011.390919391,1017768.439
Fish (dried),2025-06-23,2025-08-18,8,prophet_core,1269838.645,2155553.7175685256,1017768.439
Fish (dried),2025-06-23,2025-08-18,8,prophet_wx,1269838.645,1848704.0132947676,1017768.439
Fish (dried),2025-05-26,2025-06-23,4,naive,1017768.439,1075441.275,1075441.275
Fish (dried),2025-05-26,2025-06-23,4,prophet_base,1017768.439,1849498.3577549348,1075441.275
Fish (dried),2025-05-26,2025-06-23,4,prophet_core,1017768.439,2010134.7187142123,1075441.275
Fish (dried),2025-05-26,2025-06-23,4,prophet_wx,1017768.439,1888090.3396695144,1075441.275
Fish (dried),2025-05-26,2025-07-21,8,naive,1057064.27,1075441.275,1075441.275
Fish (dried),2025-05-26,2025-07-21,8,prophet_base,1057064.27,2400009.382083047,1075441.275
Fish (dried),2025-05-26,2025-07-21,8,prophet_core,1057064.27,2316888.580662499,1075441.275
Fish (dried),2025-05-26,2025-07-21,8,prophet_wx,1057064.27,2409099.687209436,1075441.275
Fish (dried),2025-04-28,2025-05-26,4,naive,1075441.275,1167011.0,1167011.0
Fish (dried),2025-04-28,2025-05-26,4,prophet_base,1075441.275,970532.0050475352,1167011.0
Fish (dried),2025-04-28,2025-05-26,4,prophet_core,1075441.275,1483672.8035022519,1167011.0
Fish (dried),2025-04-28,2025-05-26,4,prophet_wx,1075441.275,1000972.9805926975,1167011.0
Fish (dried),2025-04-28,2025-06-23,8,naive,1017768.439,1167011.0,1167011.0
Fish (dried),2025-04-28,2025-06-23,8,prophet_base,1017768.439,1799021.026488021,1167011.0
Fish (dried),2025-04-28,2025-06-23,8,prophet_core,1017768.439,2088230.4452662112,1167011.0
Fish (dried),2025-04-28,2025-06-23,8,prophet_wx,1017768.439,1828090.1470318357,1167011.0
Fish (dried),2025-03-31,2025-04-28,4,naive,1167011.0,1182332.0,1182332.0
Fish (dried),2025-03-31,2025-04-28,4,prophet_base,1167011.0,906450.8074614946,1182332.0
Fish (dried),2025-03-31,2025-04-28,4,prophet_core,1167011.0,1289992.7834611374,1182332.0
Fish (dried),2025-03-31,2025-04-28,4,prophet_wx,1167011.0,936086.3888855998,1182332.0
Fish (dried),2025-03-31,2025-05-26,8,naive,1075441.275,1182332.0,1182332.0
Fish (dried),2025-03-31,2025-05-26,8,prophet_base,1075441.275,910667.2124423276,1182332.0
Fish (dried),2025-03-31,2025-05-26,8,prophet_core,1075441.275,1272626.3766890254,1182332.0
Fish (dried),2025-03-31,2025-05-26,8,prophet_wx,1075441.275,945745.5122204862,1182332.0
Eggs,2026-02-02,2026-03-02,4,naive,6449.631,6257.703,6257.703
Eggs,2026-02-02,2026-03-02,4,prophet_base,6449.631,6484.753206800123,6257.703
Eggs,2026-02-02,2026-03-02,4,prophet_core,6449.631,7363.583180944145,6257.703
Eggs,2026-02-02,2026-03-02,4,prophet_wx,6449.631,6217.392786277127,6257.703
Eggs,2026-02-02,2026-03-30,8,naive,6577.07,6257.703,6257.703
Eggs,2026-02-02,2026-03-30,8,prophet_base,6577.07,6166.4783836740835,6257.703
Eggs,2026-02-02,2026-03-30,8,prophet_core,6577.07,7358.404765285177,6257.703
Eggs,2026-02-02,2026-03-30,8,prophet_wx,6577.07,6109.981653546481,6257.703
Eggs,2026-01-05,2026-02-02,4,naive,6257.703,6285.518,6285.518
Eggs,2026-01-05,2026-02-02,4,prophet_base,6257.703,6806.120380000937,6285.518
Eggs,2026-01-05,2026-02-02,4,prophet_core,6257.703,7805.237684251847,6285.518
Eggs,2026-01-05,2026-02-02,4,prophet_wx,6257.703,6277.232514717412,6285.518
Eggs,2026-01-05,2026-03-02,8,naive,6449.631,6285.518,6285.518
Eggs,2026-01-05,2026-03-02,8,prophet_base,6449.631,6709.054480889269,6285.518
Eggs,2026-01-05,2026-03-02,8,prophet_core,6449.631,7651.368569234319,6285.518
Eggs,2026-01-05,2026-03-02,8,prophet_wx,6449.631,6263.0808748369,6285.518
Eggs,2025-12-08,2026-01-05,4,naive,6285.518,6193.477,6193.477
Eggs,2025-12-08,2026-01-05,4,prophet_base,6285.518,7380.96799416804,6193.477
Eggs,2025-12-08,2026-01-05,4,prophet_core,6285.518,8328.696364444137,6193.477
Eggs,2025-12-08,2026-01-05,4,prophet_wx,6285.518,6748.582654040873,6193.477
Eggs,2025-12-08,2026-02-02,8,naive,6257.703,6193.477,6193.477
Eggs,2025-12-08,2026-02-02,8,prophet_base,6257.703,7039.929542040458,6193.477
Eggs,2025-12-08,2026-02-02,8,prophet_core,6257.703,8128.755248337669,6193.477
Eggs,2025-12-08,2026-02-02,8,prophet_wx,6257.703,6596.1621864560075,6193.477
Eggs,2025-11-10,2025-12-08,4,naive,6193.477,6159.488,6159.488
Eggs,2025-11-10,2025-12-08,4,prophet_base,6193.477,7236.86422919394,6159.488
Eggs,2025-11-10,2025-12-08,4,prophet_core,6193.477,7771.955660226666,6159.488
Eggs,2025-11-10,2025-12-08,4,prophet_wx,6193.477,6728.230870834302,6159.488
Eggs,2025-11-10,2026-01-05,8,naive,6285.518,6159.488,6159.488
Eggs,2025-11-10,2026-01-05,8,prophet_base,6285.518,7436.440181533731,6159.488
Eggs,2025-11-10,2026-01-05,8,prophet_core,6285.518,8066.333272168269,6159.488
Eggs,2025-11-10,2026-01-05,8,prophet_wx,6285.518,6977.072439356811,6159.488
Eggs,2025-10-13,2025-11-10,4,naive,6159.488,6083.764,6083.764
Eggs,2025-10-13,2025-11-10,4,prophet_base,6159.488,7057.70705848094,6083.764
Eggs,2025-10-13,2025-11-10,4,prophet_core,6159.488,8092.164547125088,6083.764
Eggs,2025-10-13,2025-11-10,4,prophet_wx,6159.488,7053.904820216016,6083.764
Eggs,2025-10-13,2025-12-08,8,naive,6193.477,6083.764,6083.764
Eggs,2025-10-13,2025-12-08,8,prophet_base,6193.477,7335.422293389959,6083.764
Eggs,2025-10-13,2025-12-08,8,prophet_core,6193.477,7816.228791650695,6083.764
Eggs,2025-10-13,2025-12-08,8,prophet_wx,6193.477,7061.849025243452,6083.764
Eggs,2025-09-15,2025-10-13,4,naive,6083.764,6152.738,6152.738
Eggs,2025-09-15,2025-10-13,4,prophet_base,6083.764,7386.486999716981,6152.738
Eggs,2025-09-15,2025-10-13,4,prophet_core,6083.764,8102.368073375937,6152.738
Eggs,2025-09-15,2025-10-13,4,prophet_wx,6083.764,7248.386495416319,6152.738
Eggs,2025-09-15,2025-11-10,8,naive,6159.488,6152.738,6152.738
Eggs,2025-09-15,2025-11-10,8,prophet_base,6159.488,7561.301472143842,6152.738
Eggs,2025-09-15,2025-11-10,8,prophet_core,6159.488,8287.203507825954,6152.738
Eggs,2025-09-15,2025-11-10,8,prophet_wx,6159.488,7466.262696304272,6152.738
Eggs,2025-08-18,2025-09-15,4,naive,6152.738,6167.922,6167.922
Eggs,2025-08-18,2025-09-15,4,prophet_base,6152.738,8166.030111817415,6167.922
Eggs,2025-08-18,2025-09-15,4,prophet_core,6152.738,8238.65622195387,6167.922
Eggs,2025-08-18,2025-09-15,4,prophet_wx,6152.738,8012.120088941195,6167.922
Eggs,2025-08-18,2025-10-13,8,naive,6083.764,6167.922,6167.922
Eggs,2025-08-18,2025-10-13,8,prophet_base,6083.764,8416.543223551544,6167.922
Eggs,2025-08-18,2025-10-13,8,prophet_core,6083.764,8541.98269595262,6167.922
Eggs,2025-08-18,2025-10-13,8,prophet_wx,6083.764,8296.709927724296,6167.922
Eggs,2025-07-21,2025-08-18,4,naive,6167.922,6270.305,6270.305
Eggs,2025-07-21,2025-08-18,4,prophet_base,6167.922,7100.130751128334,6270.305
Eggs,2025-07-21,2025-08-18,4,prophet_core,6167.922,7139.545914388644,6270.305
Eggs,2025-07-21,2025-08-18,4,prophet_wx,6167.922,6958.946357857734,6270.305
Eggs,2025-07-21,2025-09-15,8,naive,6152.738,6270.305,6270.305
Eggs,2025-07-21,2025-09-15,8,prophet_base,6152.738,8025.927720390254,6270.305
Eggs,2025-07-21,2025-09-15,8,prophet_core,6152.738,8087.482927299241,6270.305
Eggs,2025-07-21,2025-09-15,8,prophet_wx,6152.738,7714.327934394729,6270.305
Eggs,2025-06-23,2025-07-21,4,naive,6270.305,6360.344,6360.344
Eggs,2025-06-23,2025-07-21,4,prophet_base,6270.305,7134.372313400061,6360.344
Eggs,2025-06-23,2025-07-21,4,prophet_core,6270.305,7135.999285814181,6360.344
Eggs,2025-06-23,2025-07-21,4,prophet_wx,6270.305,6827.770407646062,6360.344
Eggs,2025-06-23,2025-08-18,8,naive,6167.922,6360.344,6360.344
Eggs,2025-06-23,2025-08-18,8,prophet_base,6167.922,7223.132280979213,6360.344
Eggs,2025-06-23,2025-08-18,8,prophet_core,6167.922,7187.052490940156,6360.344
Eggs,2025-06-23,2025-08-18,8,prophet_wx,6167.922,6795.895282130333,6360.344
Eggs,2025-05-26,2025-06-23,4,naive,6360.344,6489.606,6489.606
Eggs,2025-05-26,2025-06-23,4,prophet_base,6360.344,7319.397526899114,6489.606
Eggs,2025-05-26,2025-06-23,4,prophet_core,6360.344,7195.279578256197,6489.606
Eggs,2025-05-26,2025-06-23,4,prophet_wx,6360.344,7055.234326689056,6489.606
Eggs,2025-05-26,2025-07-21,8,naive,6270.305,6489.606,6489.606
Eggs,2025-05-26,2025-07-21,8,prophet_base,6270.305,7159.442045404931,6489.606
Eggs,2025-05-26,2025-07-21,8,prophet_core,6270.305,7027.140241611575,6489.606
Eggs,2025-05-26,2025-07-21,8,prophet_wx,6270.305,6985.291069637337,6489.606
Eggs,2025-04-28,2025-05-26,4,naive,6489.606,6593.256,6593.256
Eggs,2025-04-28,2025-05-26,4,prophet_base,6489.606,7125.755677938185,6593.256
Eggs,2025-04-28,2025-05-26,4,prophet_core,6489.606,6851.082100679568,6593.256
Eggs,2025-04-28,2025-05-26,4,prophet_wx,6489.606,6880.961643346959,6593.256
Eggs,2025-04-28,2025-06-23,8,naive,6360.344,6593.256,6593.256
Eggs,2025-04-28,2025-06-23,8,prophet_base,6360.344,7346.120828573042,6593.256
Eggs,2025-04-28,2025-06-23,8,prophet_core,6360.344,7169.2179713203805,6593.256
Eggs,2025-04-28,2025-06-23,8,prophet_wx,6360.344,7106.790719719276,6593.256
Eggs,2025-03-31,2025-04-28,4,naive,6593.256,6568.171,6568.171
Eggs,2025-03-31,2025-04-28,4,prophet_base,6593.256,6721.037902730098,6568.171
Eggs,2025-03-31,2025-04-28,4,prophet_core,6593.256,6525.283186761397,6568.171
Eggs,2025-03-31,2025-04-28,4,prophet_wx,6593.256,6487.789056330119,6568.171
Eggs,2025-03-31,2025-05-26,8,naive,6489.606,6568.171,6568.171
Eggs,2025-03-31,2025-05-26,8,prophet_base,6489.606,7217.373014415695,6568.171
Eggs,2025-03-31,2025-05-26,8,prophet_core,6489.606,7029.45073844459,6568.171
Eggs,2025-03-31,2025-05-26,8,prophet_wx,6489.606,6980.859229882895,6568.171
