commodity,horizon_w,variant,n,mape,dir_hit,accuracy
Beans (red),4,naive,5,12.582241321778563,0.0,87.41775867822143
Beans (red),4,prophet_base,5,45.93088422371102,0.2,54.06911577628898
Beans (red),4,prophet_core,5,110.97921037259718,0.4,-10.97921037259718
Beans (red),4,prophet_wx,5,42.6720490279152,0.2,57.3279509720848
Beans (red),8,naive,5,19.784893001843223,0.0,80.21510699815678
Beans (red),8,prophet_base,5,50.51974517048304,0.4,49.48025482951696
Beans (red),8,prophet_core,5,112.0722307131181,0.6,-12.072230713118103
Beans (red),8,prophet_wx,5,48.87199659827665,0.4,51.12800340172335
Beans (white),4,naive,5,8.652983824566386,0.0,91.34701617543361
Beans (white),4,prophet_base,5,34.847511018723495,0.0,65.1524889812765
Beans (white),4,prophet_core,5,79.95546197919532,0.2,20.04453802080468
Beans (white),4,prophet_wx,5,37.45443324675141,0.0,62.54556675324859
Beans (white),8,naive,5,18.937769268489177,0.0,81.06223073151082
Beans (white),8,prophet_base,5,40.48538170494174,0.2,59.51461829505826
Beans (white),8,prophet_core,5,90.12811261190593,0.4,9.871887388094066
Beans (white),8,prophet_wx,5,42.43047925016808,0.2,57.56952074983192
Cashew Nuts,4,naive,9,12.843242193731014,0.0,87.15675780626898
Cashew Nuts,4,prophet_base,9,33.75709422117698,0.25,66.24290577882303
Cashew Nuts,4,prophet_core,9,31.629078392981796,0.25,68.3709216070182
Cashew Nuts,4,prophet_wx,9,32.92567691148835,0.25,67.07432308851165
Cashew Nuts,8,naive,10,18.627587173116595,0.0,81.3724128268834
Cashew Nuts,8,prophet_base,10,37.41879645457003,0.4,62.58120354542997
Cashew Nuts,8,prophet_core,10,33.03754038072371,0.4,66.96245961927629
Cashew Nuts,8,prophet_wx,10,37.406273573121894,0.4,62.593726426878106
Cocoa,4,naive,9,13.802947815254864,0.0,86.19705218474513
Cocoa,4,prophet_base,9,38.31192706228543,0.1111111111111111,61.68807293771457
Cocoa,4,prophet_core,9,47.21201817469065,0.4444444444444444,52.78798182530935
Cocoa,4,prophet_wx,9,37.22730116336213,0.1111111111111111,62.77269883663787
Cocoa,8,naive,10,19.766444073390254,0.0,80.23355592660974
Cocoa,8,prophet_base,10,49.51223098896408,0.1,50.48776901103592
Cocoa,8,prophet_core,10,54.70242230501274,0.3,45.29757769498726
Cocoa,8,prophet_wx,10,47.515446941887916,0.1,52.484553058112084
Eggs,4,naive,12,1.2624295143236566,0.0,98.73757048567634
Eggs,4,prophet_base,12,14.001189140952038,0.375,85.99881085904796
Eggs,4,prophet_core,12,20.38666573833457,0.375,79.61333426166543
Eggs,4,prophet_wx,12,10.339127940655196,0.25,89.6608720593448
Eggs,8,naive,12,2.2580517988928372,0.0,97.74194820110716
Eggs,8,prophet_base,12,17.421910495887435,0.36363636363636365,82.57808950411257
Eggs,8,prophet_core,12,22.58081802547824,0.45454545454545453,77.41918197452176
Eggs,8,prophet_wx,12,13.690536020032601,0.2727272727272727,86.3094639799674
Fish (dried),4,naive,12,7.386879257688311,0.0,92.6131207423117
Fish (dried),4,prophet_base,12,33.559794925612316,0.5454545454545454,66.44020507438768
Fish (dried),4,prophet_core,12,31.244074771757727,0.5454545454545454,68.75592522824228
Fish (dried),4,prophet_wx,12,34.42892560399997,0.5454545454545454,65.57107439600003
Fish (dried),8,naive,12,11.785695804633837,0.0,88.21430419536617
Fish (dried),8,prophet_base,12,35.334431993431885,0.5833333333333334,64.66556800656812
Fish (dried),8,prophet_core,12,32.22583572537178,0.5,67.77416427462822
Fish (dried),8,prophet_wx,12,35.8085010238563,0.5833333333333334,64.19149897614369
Ginger,4,naive,8,7.410028229820863,0.0,92.58997177017913
Ginger,4,prophet_base,8,30.788745041512268,0.3333333333333333,69.21125495848773
Ginger,4,prophet_core,8,34.798659364716315,0.8333333333333334,65.20134063528369
Ginger,4,prophet_wx,8,31.004234191496014,0.5,68.99576580850399
Ginger,8,naive,9,13.57989321784168,0.0,86.42010678215831
Ginger,8,prophet_base,9,34.499252681735726,0.375,65.50074731826427
Ginger,8,prophet_core,9,37.33148210538009,0.875,62.66851789461991
Ginger,8,prophet_wx,9,34.57962904412341,0.5,65.42037095587659
Hibiscus,4,naive,8,5.904822855070432,0.0,94.09517714492956
Hibiscus,4,prophet_base,8,14.654626162890754,0.375,85.34537383710925
Hibiscus,4,prophet_core,8,18.152978773334393,0.25,81.8470212266656
Hibiscus,4,prophet_wx,8,14.813477335350406,0.375,85.1865226646496
Hibiscus,8,naive,9,14.775351882272133,0.0,85.22464811772787
Hibiscus,8,prophet_base,9,17.25224739970022,0.6666666666666666,82.74775260029978
Hibiscus,8,prophet_core,9,18.288304491597458,0.6666666666666666,81.71169550840254
Hibiscus,8,prophet_wx,9,17.558878929582175,0.5555555555555556,82.44112107041782
Maize (white),4,naive,2,1.6729356536841855,0.0,98.32706434631581
Maize (white),4,prophet_base,2,9.978099041779005,0.0,90.021900958221
Maize (white),4,prophet_core,2,9.013188041929515,0.0,90.98681195807049
Maize (white),4,prophet_wx,2,11.679727392666555,0.0,88.32027260733345
Maize (white),8,naive,2,5.231485556497306,0.0,94.7685144435027
Maize (white),8,prophet_base,2,9.778175498611736,0.5,90.22182450138827
Maize (white),8,prophet_core,2,42.08430582147121,0.5,57.91569417852879
Maize (white),8,prophet_wx,2,9.132617832154718,0.5,90.86738216784528
Maize (yellow),4,naive,2,1.6729354876997025,0.0,98.3270645123003
Maize (yellow),4,prophet_base,2,20.91759468502856,0.0,79.08240531497144
Maize (yellow),4,prophet_core,2,33.53575276250945,0.0,66.46424723749055
Maize (yellow),4,prophet_wx,2,19.87203861048861,0.0,80.1279613895114
Maize (yellow),8,naive,2,5.231484941335782,0.0,94.76851505866422
Maize (yellow),8,prophet_base,2,16.34214318990624,0.5,83.65785681009376
Maize (yellow),8,prophet_core,2,60.32517980559366,0.5,39.67482019440634
Maize (yellow),8,prophet_wx,2,15.131966554852196,0.5,84.8680334451478
Meat (beef),4,naive,12,3.8232093730736114,0.0,96.17679062692639
Meat (beef),4,prophet_base,12,10.835452591833997,0.36363636363636365,89.164547408166
Meat (beef),4,prophet_core,12,15.576597807600281,0.36363636363636365,84.42340219239972
Meat (beef),4,prophet_wx,12,10.006547569821093,0.36363636363636365,89.9934524301789
Meat (beef),8,naive,12,5.804059929482034,0.0,94.19594007051796
Meat (beef),8,prophet_base,12,12.507356169014926,0.2727272727272727,87.49264383098507
Meat (beef),8,prophet_core,12,16.786772961560185,0.2727272727272727,83.21322703843981
Meat (beef),8,prophet_wx,12,11.31900484838556,0.45454545454545453,88.68099515161444
Meat (goat),4,naive,12,3.2715862721668914,0.0,96.72841372783311
Meat (goat),4,prophet_base,12,9.179796981592787,0.5555555555555556,90.82020301840721
Meat (goat),4,prophet_core,12,11.544036207714846,0.5555555555555556,88.45596379228516
Meat (goat),4,prophet_wx,12,9.60555517616085,0.5555555555555556,90.39444482383915
Meat (goat),8,naive,12,3.7634426977042033,0.0,96.2365573022958
Meat (goat),8,prophet_base,12,10.546385133254132,0.4,89.45361486674587
Meat (goat),8,prophet_core,12,12.230492627465944,0.4,87.76950737253405
Meat (goat),8,prophet_wx,12,9.972227164394269,0.4,90.02777283560573
Rice,4,naive,2,0.5517100822570791,,99.44828991774293
Rice,4,prophet_base,2,2.567222139246778,,97.43277786075322
Rice,4,prophet_core,2,4.518202542855103,,95.48179745714489
Rice,4,prophet_wx,2,2.4437563895679895,,97.556243610432
Rice,8,naive,2,3.2956868025868764,0.0,96.70431319741313
Rice,8,prophet_base,2,7.669115131483407,0.5,92.33088486851659
Rice,8,prophet_core,2,24.336432499668142,1.0,75.66356750033185
Rice,8,prophet_wx,2,4.752769239304148,0.5,95.24723076069586
Sesame,4,naive,9,12.847721070326216,0.0,87.15227892967378
Sesame,4,prophet_base,9,24.202241822986473,0.6666666666666666,75.79775817701352
Sesame,4,prophet_core,9,20.096691610403937,0.7777777777777778,79.90330838959606
Sesame,4,prophet_wx,9,23.94930871274333,0.6666666666666666,76.05069128725667
Sesame,8,naive,10,14.652451852535071,0.0,85.34754814746493
Sesame,8,prophet_base,10,25.70820930751561,0.6,74.2917906924844
Sesame,8,prophet_core,10,21.16823393113408,0.8,78.83176606886592
Sesame,8,prophet_wx,10,25.572934191816383,0.6,74.42706580818361
Sorghum,4,naive,9,7.037750663369702,0.0,92.9622493366303
Sorghum,4,prophet_base,9,29.067183983334782,0.42857142857142855,70.93281601666521
Sorghum,4,prophet_core,9,82.85061167478362,0.2857142857142857,17.14938832521638
Sorghum,4,prophet_wx,9,26.679163313121617,0.42857142857142855,73.32083668687838
Sorghum,8,naive,10,12.812175659337987,0.0,87.18782434066202
Sorghum,8,prophet_base,10,32.7564918375224,0.4,67.24350816247761
Sorghum,8,prophet_core,10,84.99045981211904,0.3,15.009540187880958
Sorghum,8,prophet_wx,10,31.33214320768534,0.4,68.66785679231467
Soybeans,4,naive,9,11.017184626066204,0.0,88.98281537393379
Soybeans,4,prophet_base,9,26.306536723714608,0.5,73.6934632762854
Soybeans,4,prophet_core,9,42.97830588025302,0.375,57.02169411974698
Soybeans,4,prophet_wx,9,26.172698510663945,0.5,73.82730148933605
Soybeans,8,naive,10,18.085364502026767,0.0,81.91463549797324
Soybeans,8,prophet_base,10,28.743815931927315,0.4,71.25618406807268
Soybeans,8,prophet_core,10,41.66314333545984,0.3,58.33685666454016
Soybeans,8,prophet_wx,10,27.712251688484706,0.4,72.28774831151529
Wheat,4,naive,2,1.0753895878465078,0.0,98.9246104121535
Wheat,4,prophet_base,2,4.089669141438714,1.0,95.91033085856128
Wheat,4,prophet_core,2,14.900748925166525,1.0,85.09925107483348
Wheat,4,prophet_wx,2,4.496162213238809,1.0,95.5038377867612
Wheat,8,naive,3,1.678289114278164,0.0,98.32171088572184
Wheat,8,prophet_base,3,4.522484827457981,1.0,95.47751517254201
Wheat,8,prophet_core,3,14.863328950661783,1.0,85.13667104933822
Wheat,8,prophet_wx,3,5.895813394205053,1.0,94.10418660579495
