commodity,date,price_ngn_mt,currency,unit,source,market_type,region,fx_rate,rainfall_index,data_quality_score,is_validated,notes,data_source,record_type,outlier_flag,outlier_reason,price_raw_ngn_mt
Cashew Nuts,2026-02-23,1850000.0,NGN,NGN/MT,Agricom,wholesale,National,,,0.95,True,Scraped from @agricomeafrica social media posts,Agricome,historical,False,,1850000.0
Cocoa,2026-02-23,6200000.0,NGN,NGN/MT,Agricom,wholesale,National,,,0.95,True,Scraped from @agricomeafrica social media posts,Agricome,historical,False,,6200000.0
Ginger,2026-02-23,9700000.0,NGN,NGN/MT,Agricom,wholesale,National,,,0.95,True,Scraped from @agricomeafrica social media posts,Agricome,historical,False,,9700000.0
Hibiscus,2026-02-23,2650000.0,NGN,NGN/MT,Agricom,wholesale,National,,,0.95,True,Scraped from @agricomeafrica social media posts,Agricome,historical,False,,2650000.0
Sesame,2026-02-23,1250000.0,NGN,NGN/MT,Agricom,wholesale,National,,,0.95,True,Scraped from @agricomeafrica social media posts,Agricome,historical,False,,1250000.0
Sorghum,2026-02-23,275000.0,NGN,NGN/MT,Agricom,wholesale,National,,,0.95,True,Scraped from @agricomeafrica social media posts,Agricome,historical,False,,275000.0
Soybeans,2026-02-23,650000.0,NGN,NGN/MT,Agricom,wholesale,National,,,0.95,True,Scraped from @agricomeafrica social media posts,Agricome,historical,False,,650000.0
Cashew Nuts,2026-03-02,1800000.0,NGN,NGN/MT,Agricom,wholesale,National,,,0.95,True,Scraped from @agricomeafrica social media posts,Agricome,historical,False,,1800000.0
Cocoa,2026-03-02,6000000.0,NGN,NGN/MT,Agricom,wholesale,National,,,0.95,True,Scraped from @agricomeafrica social media posts,Agricome,historical,False,,6000000.0
Ginger,2026-03-02,9900000.0,NGN,NGN/MT,Agricom,wholesale,National,,,0.95,True,Scraped from @agricomeafrica social media posts,Agricome,historical,False,,9900000.0
Hibiscus,2026-03-02,2650000.0,NGN,NGN/MT,Agricom,wholesale,National,,,0.95,True,Scraped from @agricomeafrica social media posts,Agricome,historical,False,,2650000.0
Sesame,2026-03-02,1280000.0,NGN,NGN/MT,Agricom,wholesale,National,,,0.95,True,Scraped from @agricomeafrica social media posts,Agricome,historical,False,,1280000.0
Sorghum,2026-03-02,285000.0,NGN,NGN/MT,Agricom,wholesale,National,,,0.95,True,Scraped from @agricomeafrica social media posts,Agricome,historical,False,,285000.0
Soybeans,2026-03-02,670000.0,NGN,NGN/MT,Agricom,wholesale,National,,,0.95,True,Scraped from @agricomeafrica social media posts,Agricome,historical,False,,670000.0
Cashew Nuts,2026-03-09,1800000.0,NGN,NGN/MT,Agricom,wholesale,National,,,0.95,True,Scraped from @agricomeafrica social media posts,Agricome,historical,False,,1800000.0
Cocoa,2026-03-09,5820000.0,NGN,NGN/MT,Agricom,wholesale,National,,,0.95,True,Scraped from @agricomeafrica social media posts,Agricome,historical,False,,5820000.0
Ginger,2026-03-09,9900000.0,NGN,NGN/MT,Agricom,wholesale,National,,,0.95,True,Scraped from @agricomeafrica social media posts,Agricome,historical,False,,9900000.0
Hibiscus,2026-03-09,2590000.0,NGN,NGN/MT,Agricom,wholesale,National,,,0.95,True,Scraped from @agricomeafrica social media posts,Agricome,historical,False,,2590000.0
Sesame,2026-03-09,1280000.0,NGN,NGN/MT,Agricom,wholesale,National,,,0.95,True,Scraped from @agricomeafrica social media posts,Agricome,historical,False,,1280000.0
Sorghum,2026-03-09,282000.0,NGN,NGN/MT,Agricom,wholesale,National,,,0.95,True,Scraped from @agricomeafrica social media posts,Agricome,historical,False,,282000.0
Soybeans,2026-03-09,676000.0,NGN,NGN/MT,Agricom,wholesale,National,,,0.95,True,Scraped from @agricomeafrica social media posts,Agricome,historical,False,,676000.0
Cashew Nuts,2026-03-16,1800000.0,NGN,NGN/MT,Agricom,wholesale,National,,,0.95,True,Scraped from @agricomeafrica social media posts,Agricome,historical,False,,1800000.0
Cocoa,2026-03-16,5700000.0,NGN,NGN/MT,Agricom,wholesale,National,,,0.95,True,Scraped from @agricomeafrica social media posts,Agricome,historical,False,,5700000.0
Ginger,2026-03-16,9900000.0,NGN,NGN/MT,Agricom,wholesale,National,,,0.95,True,Scraped from @agricomeafrica social media posts,Agricome,historical,False,,9900000.0
Hibiscus,2026-03-16,2550000.0,NGN,NGN/MT,Agricom,wholesale,National,,,0.95,True,Scraped from @agricomeafrica social media posts,Agricome,historical,False,,2550000.0
Sesame,2026-03-16,1280000.0,NGN,NGN/MT,Agricom,wholesale,National,,,0.95,True,Scraped from @agricomeafrica social media posts,Agricome,historical,False,,1280000.0
Sorghum,2026-03-16,280000.0,NGN,NGN/MT,Agricom,wholesale,National,,,0.95,True,Scraped from @agricomeafrica social media posts,Agricome,historical,False,,280000.0
Soybeans,2026-03-16,680000.0,NGN,NGN/MT,Agricom,wholesale,National,,,0.95,True,Scraped from @agricomeafrica social media posts,Agricome,historical,False,,680000.0
Cashew Nuts,2026-03-23,1950000.0,NGN,NGN/MT,Agricom,wholesale,National,,,0.95,True,Scraped from @agricomeafrica social media posts,Agricome,historical,False,,1950000.0
Cocoa,2026-03-23,5900000.0,NGN,NGN/MT,Agricom,wholesale,National,,,0.95,True,Scraped from @agricomeafrica social media posts,Agricome,historical,False,,5900000.0
Ginger,2026-03-23,10500000.0,NGN,NGN/MT,Agricom,wholesale,National,,,0.95,True,Scraped from @agricomeafrica social media posts,Agricome,historical,False,,10500000.0
Hibiscus,2026-03-23,2250000.0,NGN,NGN/MT,Agricom,wholesale,National,,,0.95,True,Scraped from @agricomeafrica social media posts,Agricome,historical,False,,2250000.0
Sesame,2026-03-23,1240000.0,NGN,NGN/MT,Agricom,wholesale,National,,,0.95,True,Scraped from @agricomeafrica social media posts,Agricome,historical,False,,1240000.0
Sorghum,2026-03-23,320000.0,NGN,NGN/MT,Agricom,wholesale,National,,,0.95,True,Scraped from @agricomeafrica social media posts,Agricome,historical,False,,320000.0
Soybeans,2026-03-23,680000.0,NGN,NGN/MT,Agricom,wholesale,National,,,0.95,True,Scraped from @agricomeafrica social media posts,Agricome,historical,False,,680000.0
Cashew Nuts,2026-03-30,1935000.0,NGN,NGN/MT,Agricom,wholesale,National,,,0.95,True,Scraped from @agricomeafrica social media posts,Agricome,historical,False,,1935000.0
Cocoa,2026-03-30,6000000.0,NGN,NGN/MT,Agricom,wholesale,National,,,0.95,True,Scraped from @agricomeafrica social media posts,Agricome,historical,False,,6000000.0
Ginger,2026-03-30,10500000.0,NGN,NGN/MT,Agricom,wholesale,National,,,0.95,True,Scraped from @agricomeafrica social media posts,Agricome,historical,False,,10500000.0
Hibiscus,2026-03-30,2400000.0,NGN,NGN/MT,Agricom,wholesale,National,,,0.95,True,Scraped from @agricomeafrica social media posts,Agricome,historical,False,,2400000.0
Sesame,2026-03-30,1255000.0,NGN,NGN/MT,Agricom,wholesale,National,,,0.95,True,Scraped from @agricomeafrica social media posts,Agricome,historical,False,,1255000.0
Sorghum,2026-03-30,320000.0,NGN,NGN/MT,Agricom,wholesale,National,,,0.95,True,Scraped from @agricomeafrica social media posts,Agricome,historical,False,,320000.0
Soybeans,2026-03-30,705000.0,NGN,NGN/MT,Agricom,wholesale,National,,,0.95,True,Scraped from @agricomeafrica social media posts,Agricome,historical,False,,705000.0
Cashew Nuts,2026-04-06,1920000.0,NGN,NGN/MT,Agricom,wholesale,National,,,0.95,True,Scraped from @agricomeafrica social media posts,Agricome,historical,False,,1920000.0
Cocoa,2026-04-06,6100000.0,NGN,NGN/MT,Agricom,wholesale,National,,,0.95,True,Scraped from @agricomeafrica social media posts,Agricome,historical,False,,6100000.0
Ginger,2026-04-06,10500000.0,NGN,NGN/MT,Agricom,wholesale,National,,,0.95,True,Scraped from @agricomeafrica social media posts,Agricome,historical,False,,10500000.0
Hibiscus,2026-04-06,2550000.0,NGN,NGN/MT,Agricom,wholesale,National,,,0.95,True,Scraped from @agricomeafrica social media posts,Agricome,historical,False,,2550000.0
Sesame,2026-04-06,1270000.0,NGN,NGN/MT,Agricom,wholesale,National,,,0.95,True,Scraped from @agricomeafrica social media posts,Agricome,historical,False,,1270000.0
Sorghum,2026-04-06,320000.0,NGN,NGN/MT,Agricom,wholesale,National,,,0.95,True,Scraped from @agricomeafrica social media posts,Agricome,historical,False,,320000.0
Soybeans,2026-04-06,730000.0,NGN,NGN/MT,Agricom,wholesale,National,,,0.95,True,Scraped from @agricomeafrica social media posts,Agricome,historical,False,,730000.0
Cashew Nuts,2026-04-13,1950000.0,NGN,NGN/MT,Agricom,wholesale,National,,,0.95,True,Scraped from @agricomeafrica social media posts,Agricome,historical,False,,1950000.0
Cocoa,2026-04-13,5650000.0,NGN,NGN/MT,Agricom,wholesale,National,,,0.95,True,Scraped from @agricomeafrica social media posts,Agricome,historical,False,,5650000.0
Ginger,2026-04-13,9700000.0,NGN,NGN/MT,Agricom,wholesale,National,,,0.95,True,Scraped from @agricomeafrica social media posts,Agricome,historical,False,,9700000.0
Hibiscus,2026-04-13,2325000.0,NGN,NGN/MT,Agricom,wholesale,National,,,0.95,True,Scraped from @agricomeafrica social media posts,Agricome,historical,False,,2325000.0
Sesame,2026-04-13,1245000.0,NGN,NGN/MT,Agricom,wholesale,National,,,0.95,True,Scraped from @agricomeafrica social media posts,Agricome,historical,False,,1245000.0
Sorghum,2026-04-13,335000.0,NGN,NGN/MT,Agricom,wholesale,National,,,0.95,True,Scraped from @agricomeafrica social media posts,Agricome,historical,False,,335000.0
Soybeans,2026-04-13,745000.0,NGN,NGN/MT,Agricom,wholesale,National,,,0.95,True,Scraped from @agricomeafrica social media posts,Agricome,historical,False,,745000.0
