date,price_ngn_mt,commodity,source
2002-01-20,358700.0,Rice,WFP
2002-01-27,357602.3076923077,Rice,WFP
2002-02-03,356504.6153846154,Rice,WFP
2002-02-10,355406.92307692306,Rice,WFP
2002-02-17,354309.23076923075,Rice,WFP
2002-02-24,353211.53846153844,Rice,WFP
2002-03-03,352113.8461538461,Rice,WFP
2002-03-10,351016.1538461539,Rice,WFP
2002-03-17,349918.46153846156,Rice,WFP
2002-03-24,348820.76923076925,Rice,WFP
2002-03-31,347723.07692307694,Rice,WFP
2002-04-07,346625.3846153846,Rice,WFP
2002-04-14,345527.6923076923,Rice,WFP
2002-04-21,344430.0,Rice,WFP
2002-04-28,345720.0,Rice,WFP
2002-05-05,347010.0,Rice,WFP
2002-05-12,348300.0,Rice,WFP
2002-05-19,349590.0,Rice,WFP
2002-05-26,348175.0,Rice,WFP
2002-06-02,346760.0,Rice,WFP
2002-06-09,345345.0,Rice,WFP
2002-06-16,343930.0,Rice,WFP
2002-06-23,339099.0,Rice,WFP
2002-06-30,334268.0,Rice,WFP
2002-07-07,329437.0,Rice,WFP
2002-07-14,324606.0,Rice,WFP
2002-07-21,319775.0,Rice,WFP
2002-07-28,314705.0,Rice,WFP
2002-08-04,309635.0,Rice,WFP
2002-08-11,304565.0,Rice,WFP
2002-08-18,299495.0,Rice,WFP
2002-08-25,293958.75,Rice,WFP
2002-09-01,288422.5,Rice,WFP
2002-09-08,282886.25,Rice,WFP
2002-09-15,277350.0,Rice,WFP
2002-09-22,271665.0,Rice,WFP
2002-09-29,265980.0,Rice,WFP
2002-10-06,260295.0,Rice,WFP
2002-10-13,254610.0,Rice,WFP
2002-10-20,248925.0,Rice,WFP
2002-10-27,253566.25,Rice,WFP
2002-11-03,258207.5,Rice,WFP
2002-11-10,262848.75,Rice,WFP
2002-11-17,267490.0,Rice,WFP
2002-11-24,270027.5,Rice,WFP
2002-12-01,272565.0,Rice,WFP
2002-12-08,275102.5,Rice,WFP
2002-12-15,277640.0,Rice,WFP
2002-12-22,273489.3333333333,Rice,WFP
2002-12-29,269338.6666666667,Rice,WFP
2003-01-05,265188.0,Rice,WFP
2003-01-12,261037.3333333333,Rice,WFP
2003-01-19,256886.66666666666,Rice,WFP
2003-01-26,267917.5,Rice,WFP
2003-02-02,278948.3333333333,Rice,WFP
2003-02-09,289979.1666666667,Rice,WFP
2003-02-16,301010.0,Rice,WFP
2003-02-23,280887.5,Rice,WFP
2003-03-02,260765.0,Rice,WFP
2003-03-09,240642.5,Rice,WFP
2003-03-16,220520.0,Rice,WFP
2003-03-23,235202.0,Rice,WFP
2003-03-30,249884.0,Rice,WFP
2003-04-06,264566.0,Rice,WFP
2003-04-13,279248.0,Rice,WFP
2003-04-20,293930.0,Rice,WFP
2003-04-27,294447.5,Rice,WFP
2003-05-04,294965.0,Rice,WFP
2003-05-11,295482.5,Rice,WFP
2003-05-18,296000.0,Rice,WFP
2003-05-25,292081.25,Rice,WFP
2003-06-01,288162.5,Rice,WFP
2003-06-08,284243.75,Rice,WFP
2003-06-15,280325.0,Rice,WFP
2003-06-22,281210.0,Rice,WFP
2003-06-29,282095.0,Rice,WFP
2003-07-06,282980.0,Rice,WFP
2003-07-13,283865.0,Rice,WFP
2003-07-20,284750.0,Rice,WFP
2003-07-27,277433.75,Rice,WFP
2003-08-03,270117.5,Rice,WFP
2003-08-10,262801.25,Rice,WFP
2003-08-17,255485.0,Rice,WFP
2003-08-24,247626.0,Rice,WFP
2003-08-31,239767.0,Rice,WFP
2003-09-07,231908.0,Rice,WFP
2003-09-14,224049.0,Rice,WFP
2003-09-21,216190.0,Rice,WFP
2003-09-28,213915.0,Rice,WFP
2003-10-05,211640.0,Rice,WFP
2003-10-12,209365.0,Rice,WFP
2003-10-19,207090.0,Rice,WFP
2003-10-26,219971.25,Rice,WFP
2003-11-02,232852.5,Rice,WFP
2003-11-09,245733.75,Rice,WFP
2003-11-16,258615.0,Rice,WFP
2003-11-23,279704.0,Rice,WFP
2003-11-30,300793.0,Rice,WFP
2003-12-07,321882.0,Rice,WFP
2003-12-14,342971.0,Rice,WFP
2003-12-21,364060.0,Rice,WFP
2003-12-28,363363.75,Rice,WFP
2004-01-04,362667.5,Rice,WFP
2004-01-11,361971.25,Rice,WFP
2004-01-18,361275.0,Rice,WFP
2004-01-25,360578.75,Rice,WFP
2004-02-01,359882.5,Rice,WFP
2004-02-08,359186.25,Rice,WFP
2004-02-15,358490.0,Rice,WFP
2004-02-22,357793.75,Rice,WFP
2004-02-29,357097.5,Rice,WFP
2004-03-07,356401.25,Rice,WFP
2004-03-14,355705.0,Rice,WFP
2004-03-21,355008.75,Rice,WFP
2004-03-28,354312.5,Rice,WFP
2004-04-04,353616.25,Rice,WFP
2004-04-11,352920.0,Rice,WFP
2004-04-18,352223.75,Rice,WFP
2004-04-25,351527.5,Rice,WFP
2004-05-02,350831.25,Rice,WFP
2004-05-09,350135.0,Rice,WFP
2004-05-16,349438.75,Rice,WFP
2004-05-23,348742.5,Rice,WFP
2004-05-30,348046.25,Rice,WFP
2004-06-06,347350.0,Rice,WFP
2004-06-13,346653.75,Rice,WFP
2004-06-20,345957.5,Rice,WFP
2004-06-27,345261.25,Rice,WFP
2004-07-04,344565.0,Rice,WFP
2004-07-11,343868.75,Rice,WFP
2004-07-18,343172.5,Rice,WFP
2004-07-25,342476.25,Rice,WFP
2004-08-01,341780.0,Rice,WFP
2004-08-08,341083.75,Rice,WFP
2004-08-15,340387.5,Rice,WFP
2004-08-22,339691.25,Rice,WFP
2004-08-29,338995.0,Rice,WFP
2004-09-05,338298.75,Rice,WFP
2004-09-12,337602.5,Rice,WFP
2004-09-19,336906.25,Rice,WFP
2004-09-26,336210.0,Rice,WFP
2004-10-03,335513.75,Rice,WFP
2004-10-10,334817.5,Rice,WFP
2004-10-17,334121.25,Rice,WFP
2004-10-24,333425.0,Rice,WFP
2004-10-31,332728.75,Rice,WFP
2004-11-07,332032.5,Rice,WFP
2004-11-14,331336.25,Rice,WFP
2004-11-21,330640.0,Rice,WFP
2004-11-28,329943.75,Rice,WFP
2004-12-05,329247.5,Rice,WFP
2004-12-12,328551.25,Rice,WFP
2004-12-19,327855.0,Rice,WFP
2004-12-26,327158.75,Rice,WFP
2005-01-02,326462.5,Rice,WFP
2005-01-09,325766.25,Rice,WFP
2005-01-16,325070.0,Rice,WFP
2005-01-23,327913.0,Rice,WFP
2005-01-30,330756.0,Rice,WFP
2005-02-06,333599.0,Rice,WFP
2005-02-13,336442.0,Rice,WFP
2005-02-20,339285.0,Rice,WFP
2005-02-27,352373.75,Rice,WFP
2005-03-06,365462.5,Rice,WFP
2005-03-13,378551.25,Rice,WFP
2005-03-20,391640.0,Rice,WFP
2005-03-27,395582.5,Rice,WFP
2005-04-03,399525.0,Rice,WFP
2005-04-10,403467.5,Rice,WFP
2005-04-17,407410.0,Rice,WFP
2005-04-24,387557.5,Rice,WFP
2005-05-01,367705.0,Rice,WFP
2005-05-08,347852.5,Rice,WFP
2005-05-15,328000.0,Rice,WFP
2005-05-22,346715.0,Rice,WFP
2005-05-29,365430.0,Rice,WFP
2005-06-05,384145.0,Rice,WFP
2005-06-12,402860.0,Rice,WFP
2005-06-19,421575.0,Rice,WFP
2005-06-26,432238.75,Rice,WFP
2005-07-03,442902.5,Rice,WFP
2005-07-10,453566.25,Rice,WFP
2005-07-17,464230.0,Rice,WFP
2005-07-24,453010.0,Rice,WFP
2005-07-31,441790.0,Rice,WFP
2005-08-07,430570.0,Rice,WFP
2005-08-14,419350.0,Rice,WFP
2005-08-21,408130.0,Rice,WFP
2005-08-28,392633.3333333333,Rice,WFP
2005-09-04,377136.6666666666,Rice,WFP
2005-09-11,361640.0,Rice,WFP
2005-09-18,346143.3333333333,Rice,WFP
2005-09-25,322921.25,Rice,WFP
2005-10-02,299699.1666666666,Rice,WFP
2005-10-09,276477.0833333333,Rice,WFP
2005-10-16,253255.0,Rice,WFP
2005-10-23,272911.0,Rice,WFP
2005-10-30,292567.0,Rice,WFP
2005-11-06,312223.0,Rice,WFP
2005-11-13,331879.0,Rice,WFP
2005-11-20,351535.0,Rice,WFP
2005-11-27,334316.25,Rice,WFP
2005-12-04,317097.5,Rice,WFP
2005-12-11,299878.75,Rice,WFP
2005-12-18,282660.0,Rice,WFP
2005-12-25,313555.0,Rice,WFP
2006-01-01,344450.0,Rice,WFP
2006-01-08,375345.0,Rice,WFP
2006-01-15,406240.0,Rice,WFP
2006-01-22,405828.0,Rice,WFP
2006-01-29,405416.0,Rice,WFP
2006-02-05,405004.0,Rice,WFP
2006-02-12,404592.0,Rice,WFP
2006-02-19,404180.0,Rice,WFP
2006-02-26,397164.1666666667,Rice,WFP
2006-03-05,390148.3333333334,Rice,WFP
2006-03-12,383132.5,Rice,WFP
2006-03-19,376116.6666666667,Rice,WFP
2006-03-26,370087.5,Rice,WFP
2006-04-02,364058.3333333334,Rice,WFP
2006-04-09,358029.1666666667,Rice,WFP
2006-04-16,352000.0,Rice,WFP
2006-04-23,361004.0,Rice,WFP
2006-04-30,370008.0,Rice,WFP
2006-05-07,379012.0,Rice,WFP
2006-05-14,388016.0,Rice,WFP
2006-05-21,397020.0,Rice,WFP
2006-05-28,391390.0,Rice,WFP
2006-06-04,385760.0,Rice,WFP
2006-06-11,380130.0,Rice,WFP
2006-06-18,374500.0,Rice,WFP
2006-06-25,371728.3870967742,Rice,WFP
2006-07-02,368956.77419354836,Rice,WFP
2006-07-09,366185.1612903226,Rice,WFP
2006-07-16,363413.5483870968,Rice,WFP
2006-07-23,360641.93548387097,Rice,WFP
2006-07-30,357870.32258064515,Rice,WFP
2006-08-06,355098.70967741933,Rice,WFP
2006-08-13,352327.0967741936,Rice,WFP
2006-08-20,349555.48387096776,Rice,WFP
2006-08-27,346783.87096774194,Rice,WFP
2006-09-03,344012.2580645161,Rice,WFP
2006-09-10,341240.6451612903,Rice,WFP
2006-09-17,338469.0322580645,Rice,WFP
2006-09-24,335697.4193548387,Rice,WFP
2006-10-01,332925.8064516129,Rice,WFP
2006-10-08,330154.1935483871,Rice,WFP
2006-10-15,327382.5806451613,Rice,WFP
2006-10-22,324610.9677419355,Rice,WFP
2006-10-29,321839.3548387097,Rice,WFP
2006-11-05,319067.7419354839,Rice,WFP
2006-11-12,316296.12903225806,Rice,WFP
2006-11-19,313524.51612903224,Rice,WFP
2006-11-26,310752.9032258064,Rice,WFP
2006-12-03,307981.29032258067,Rice,WFP
2006-12-10,305209.67741935485,Rice,WFP
2006-12-17,302438.06451612903,Rice,WFP
2006-12-24,299666.4516129032,Rice,WFP
2006-12-31,296894.83870967745,Rice,WFP
2007-01-07,294123.22580645164,Rice,WFP
2007-01-14,291351.6129032258,Rice,WFP
2007-01-21,288580.0,Rice,WFP
2007-01-28,301290.0,Rice,WFP
2007-02-04,314000.0,Rice,WFP
2007-02-11,326710.0,Rice,WFP
2007-02-18,339420.0,Rice,WFP
2007-02-25,342787.5,Rice,WFP
2007-03-04,346155.0,Rice,WFP
2007-03-11,349522.5,Rice,WFP
2007-03-18,352890.0,Rice,WFP
2007-03-25,346903.75,Rice,WFP
2007-04-01,340917.5,Rice,WFP
2007-04-08,334931.25,Rice,WFP
2007-04-15,328945.0,Rice,WFP
2007-04-22,329136.5,Rice,WFP
2007-04-29,329328.0,Rice,WFP
2007-05-06,329519.5,Rice,WFP
2007-05-13,329711.0,Rice,WFP
2007-05-20,329902.5,Rice,WFP
2007-05-27,330094.0,Rice,WFP
2007-06-03,330285.5,Rice,WFP
2007-06-10,330477.0,Rice,WFP
2007-06-17,330668.5,Rice,WFP
2007-06-24,330860.0,Rice,WFP
2007-07-01,331051.5,Rice,WFP
2007-07-08,331243.0,Rice,WFP
2007-07-15,331434.5,Rice,WFP
2007-07-22,331626.0,Rice,WFP
2007-07-29,331817.5,Rice,WFP
2007-08-05,332009.0,Rice,WFP
2007-08-12,332200.5,Rice,WFP
2007-08-19,332392.0,Rice,WFP
2007-08-26,332583.5,Rice,WFP
2007-09-02,332775.0,Rice,WFP
2007-09-09,332966.5,Rice,WFP
2007-09-16,333158.0,Rice,WFP
2007-09-23,333349.5,Rice,WFP
2007-09-30,333541.0,Rice,WFP
2007-10-07,333732.5,Rice,WFP
2007-10-14,333924.0,Rice,WFP
2007-10-21,334115.5,Rice,WFP
2007-10-28,334307.0,Rice,WFP
2007-11-04,334498.5,Rice,WFP
2007-11-11,334690.0,Rice,WFP
2007-11-18,334881.5,Rice,WFP
2007-11-25,335073.0,Rice,WFP
2007-12-02,335264.5,Rice,WFP
2007-12-09,335456.0,Rice,WFP
2007-12-16,335647.5,Rice,WFP
2007-12-23,335839.0,Rice,WFP
2007-12-30,336030.5,Rice,WFP
2008-01-06,336222.0,Rice,WFP
2008-01-13,336413.5,Rice,WFP
2008-01-20,336605.0,Rice,WFP
2008-01-27,350798.75,Rice,WFP
2008-02-03,364992.5,Rice,WFP
2008-02-10,379186.25,Rice,WFP
2008-02-17,393380.0,Rice,WFP
2008-02-24,391828.3333333333,Rice,WFP
2008-03-02,390276.6666666666,Rice,WFP
2008-03-09,388725.0,Rice,WFP
2008-03-16,387173.3333333333,Rice,WFP
2008-03-23,387438.6666666666,Rice,WFP
2008-03-30,387704.0,Rice,WFP
2008-04-06,387969.3333333333,Rice,WFP
2008-04-13,388234.6666666667,Rice,WFP
2008-04-20,388500.0,Rice,WFP
2008-04-27,395441.6666666667,Rice,WFP
2008-05-04,402383.3333333334,Rice,WFP
2008-05-11,409325.0,Rice,WFP
2008-05-18,416266.6666666667,Rice,WFP
2008-05-25,440147.5,Rice,WFP
2008-06-01,464028.3333333334,Rice,WFP
2008-06-08,487909.1666666667,Rice,WFP
2008-06-15,511790.0,Rice,WFP
2008-06-22,501829.0,Rice,WFP
2008-06-29,491868.0,Rice,WFP
2008-07-06,481907.0,Rice,WFP
2008-07-13,471946.0,Rice,WFP
2008-07-20,461985.0,Rice,WFP
2008-07-27,460638.75,Rice,WFP
2008-08-03,459292.5,Rice,WFP
2008-08-10,457946.25,Rice,WFP
2008-08-17,456600.0,Rice,WFP
2008-08-24,461620.6666666667,Rice,WFP
2008-08-31,466641.3333333333,Rice,WFP
2008-09-07,471662.0,Rice,WFP
2008-09-14,476682.6666666666,Rice,WFP
2008-09-21,481703.3333333333,Rice,WFP
2008-09-28,475430.8333333333,Rice,WFP
2008-10-05,469158.3333333333,Rice,WFP
2008-10-12,462885.8333333333,Rice,WFP
2008-10-19,456613.3333333333,Rice,WFP
2008-10-26,464543.3333333333,Rice,WFP
2008-11-02,472473.3333333333,Rice,WFP
2008-11-09,480403.3333333333,Rice,WFP
2008-11-16,488333.3333333333,Rice,WFP
2008-11-23,474566.6666666666,Rice,WFP
2008-11-30,460800.0,Rice,WFP
2008-12-07,447033.3333333333,Rice,WFP
2008-12-14,433266.6666666667,Rice,WFP
2008-12-21,419500.0,Rice,WFP
2008-12-28,435316.25,Rice,WFP
2009-01-04,451132.5,Rice,WFP
2009-01-11,466948.75,Rice,WFP
2009-01-18,482765.0,Rice,WFP
2009-01-25,476947.5,Rice,WFP
2009-02-01,471130.0,Rice,WFP
2009-02-08,465312.5,Rice,WFP
2009-02-15,459495.0,Rice,WFP
2009-02-22,456881.5909090909,Rice,WFP
2009-03-01,454268.1818181818,Rice,WFP
2009-03-08,451654.7727272727,Rice,WFP
2009-03-15,449041.36363636365,Rice,WFP
2009-03-22,446427.95454545453,Rice,WFP
2009-03-29,443814.54545454547,Rice,WFP
2009-04-05,441201.13636363635,Rice,WFP
2009-04-12,438587.7272727273,Rice,WFP
2009-04-19,435974.3181818182,Rice,WFP
2009-04-26,433360.90909090906,Rice,WFP
2009-05-03,430747.5,Rice,WFP
2009-05-10,428134.0909090909,Rice,WFP
2009-05-17,425520.6818181818,Rice,WFP
2009-05-24,422907.2727272727,Rice,WFP
2009-05-31,420293.86363636365,Rice,WFP
2009-06-07,417680.45454545453,Rice,WFP
2009-06-14,415067.04545454547,Rice,WFP
2009-06-21,412453.63636363635,Rice,WFP
2009-06-28,409840.2272727273,Rice,WFP
2009-07-05,407226.8181818182,Rice,WFP
2009-07-12,404613.40909090906,Rice,WFP
2009-07-19,402000.0,Rice,WFP
2009-07-26,420565.0,Rice,WFP
2009-08-02,439130.0,Rice,WFP
2009-08-09,457695.0,Rice,WFP
2009-08-16,476260.0,Rice,WFP
2009-08-23,470973.0,Rice,WFP
2009-08-30,465686.0,Rice,WFP
2009-09-06,460399.0,Rice,WFP
2009-09-13,455112.0,Rice,WFP
2009-09-20,449825.0,Rice,WFP
2009-09-27,439027.5,Rice,WFP
2009-10-04,428230.0,Rice,WFP
2009-10-11,417432.5,Rice,WFP
2009-10-18,406635.0,Rice,WFP
2009-10-25,408669.25,Rice,WFP
2009-11-01,410703.5,Rice,WFP
2009-11-08,412737.75,Rice,WFP
2009-11-15,414772.0,Rice,WFP
2009-11-22,413431.6,Rice,WFP
2009-11-29,412091.2,Rice,WFP
2009-12-06,410750.8,Rice,WFP
2009-12-13,409410.4,Rice,WFP
2009-12-20,408070.0,Rice,WFP
2009-12-27,410654.375,Rice,WFP
2010-01-03,413238.75,Rice,WFP
2010-01-10,415823.125,Rice,WFP
2010-01-17,418407.5,Rice,WFP
2010-01-24,423765.3333333333,Rice,WFP
2010-01-31,429123.1666666667,Rice,WFP
2010-02-07,434481.0,Rice,WFP
2010-02-14,439838.8333333334,Rice,WFP
2010-02-21,445196.6666666667,Rice,WFP
2010-02-28,446442.5,Rice,WFP
2010-03-07,447688.3333333334,Rice,WFP
2010-03-14,448934.1666666667,Rice,WFP
2010-03-21,450180.0,Rice,WFP
2010-03-28,462121.25,Rice,WFP
2010-04-04,474062.5,Rice,WFP
2010-04-11,486003.75,Rice,WFP
2010-04-18,497945.0,Rice,WFP
2010-04-25,501495.4166666667,Rice,WFP
2010-05-02,505045.8333333334,Rice,WFP
2010-05-09,508596.25,Rice,WFP
2010-05-16,512146.6666666667,Rice,WFP
2010-05-23,507311.3333333334,Rice,WFP
2010-05-30,502476.0,Rice,WFP
2010-06-06,497640.6666666667,Rice,WFP
2010-06-13,492805.3333333333,Rice,WFP
2010-06-20,487970.0,Rice,WFP
2010-06-27,484375.0,Rice,WFP
2010-07-04,480780.0,Rice,WFP
2010-07-11,477185.0,Rice,WFP
2010-07-18,473590.0,Rice,WFP
2010-07-25,480134.1666666667,Rice,WFP
2010-08-01,486678.3333333334,Rice,WFP
2010-08-08,493222.5,Rice,WFP
2010-08-15,499766.6666666667,Rice,WFP
2010-08-22,489437.3333333334,Rice,WFP
2010-08-29,479108.0,Rice,WFP
2010-09-05,468778.6666666667,Rice,WFP
2010-09-12,458449.3333333333,Rice,WFP
2010-09-19,448120.0,Rice,WFP
2010-09-26,437565.8333333333,Rice,WFP
2010-10-03,427011.6666666666,Rice,WFP
2010-10-10,416457.5,Rice,WFP
2010-10-17,405903.3333333333,Rice,WFP
2010-10-24,403537.1666666666,Rice,WFP
2010-10-31,401171.0,Rice,WFP
2010-11-07,398804.8333333333,Rice,WFP
2010-11-14,396438.6666666667,Rice,WFP
2010-11-21,394072.5,Rice,WFP
2010-11-28,409123.125,Rice,WFP
2010-12-05,424173.75,Rice,WFP
2010-12-12,439224.375,Rice,WFP
2010-12-19,454275.0,Rice,WFP
2010-12-26,438872.0833333333,Rice,WFP
2011-01-02,423469.1666666666,Rice,WFP
2011-01-09,408066.25,Rice,WFP
2011-01-16,392663.3333333333,Rice,WFP
2011-01-23,393218.6666666666,Rice,WFP
2011-01-30,393774.0,Rice,WFP
2011-02-06,394329.3333333333,Rice,WFP
2011-02-13,394884.6666666667,Rice,WFP
2011-02-20,395440.0,Rice,WFP
2011-02-27,396657.5,Rice,WFP
2011-03-06,397875.0,Rice,WFP
2011-03-13,399092.5,Rice,WFP
2011-03-20,400310.0,Rice,WFP
2011-03-27,400463.0,Rice,WFP
2011-04-03,400616.0,Rice,WFP
2011-04-10,400769.0,Rice,WFP
2011-04-17,400922.0,Rice,WFP
2011-04-24,400431.0,Rice,WFP
2011-05-01,399940.0,Rice,WFP
2011-05-08,399449.0,Rice,WFP
2011-05-15,398958.0,Rice,WFP
2011-05-22,408196.4,Rice,WFP
2011-05-29,417434.8,Rice,WFP
2011-06-05,426673.2,Rice,WFP
2011-06-12,435911.6,Rice,WFP
2011-06-19,445150.0,Rice,WFP
2011-06-26,430843.75,Rice,WFP
2011-07-03,416537.5,Rice,WFP
2011-07-10,402231.25,Rice,WFP
2011-07-17,387925.0,Rice,WFP
2011-07-24,391964.0,Rice,WFP
2011-07-31,396003.0,Rice,WFP
2011-08-07,400042.0,Rice,WFP
2011-08-14,404081.0,Rice,WFP
2011-08-21,408120.0,Rice,WFP
2011-08-28,415427.5,Rice,WFP
2011-09-04,422735.0,Rice,WFP
2011-09-11,430042.5,Rice,WFP
2011-09-18,437350.0,Rice,WFP
2011-09-25,438093.3333333333,Rice,WFP
2011-10-02,438836.6666666666,Rice,WFP
2011-10-09,439580.0,Rice,WFP
2011-10-16,440323.3333333333,Rice,WFP
2011-10-23,441747.1666666666,Rice,WFP
2011-10-30,443171.0,Rice,WFP
2011-11-06,444594.8333333333,Rice,WFP
2011-11-13,446018.6666666667,Rice,WFP
2011-11-20,447442.5,Rice,WFP
2011-11-27,451289.375,Rice,WFP
2011-12-04,455136.25,Rice,WFP
2011-12-11,458983.125,Rice,WFP
2011-12-18,462830.0,Rice,WFP
2011-12-25,452408.75,Rice,WFP
2012-01-01,441987.5,Rice,WFP
2012-01-08,431566.25,Rice,WFP
2012-01-15,421145.0,Rice,WFP
2012-01-22,427849.0,Rice,WFP
2012-01-29,434553.0,Rice,WFP
2012-02-05,441257.0,Rice,WFP
2012-02-12,447961.0,Rice,WFP
2012-02-19,454665.0,Rice,WFP
2012-02-26,449827.25,Rice,WFP
2012-03-04,444989.5,Rice,WFP
2012-03-11,440151.75,Rice,WFP
2012-03-18,435314.0,Rice,WFP
2012-03-25,439785.5,Rice,WFP
2012-04-01,444257.0,Rice,WFP
2012-04-08,448728.5,Rice,WFP
2012-04-15,453200.0,Rice,WFP
2012-04-22,451088.5,Rice,WFP
2012-04-29,448977.0,Rice,WFP
2012-05-06,446865.5,Rice,WFP
2012-05-13,444754.0,Rice,WFP
2012-05-20,442642.5,Rice,WFP
2012-05-27,442496.5625,Rice,WFP
2012-06-03,442350.625,Rice,WFP
2012-06-10,442204.6875,Rice,WFP
2012-06-17,442058.75,Rice,WFP
2012-06-24,441912.8125,Rice,WFP
2012-07-01,441766.875,Rice,WFP
2012-07-08,441620.9375,Rice,WFP
2012-07-15,441475.0,Rice,WFP
2012-07-22,448948.5,Rice,WFP
2012-07-29,456422.0,Rice,WFP
2012-08-05,463895.5,Rice,WFP
2012-08-12,471369.0,Rice,WFP
2012-08-19,478842.5,Rice,WFP
2012-08-26,458871.375,Rice,WFP
2012-09-02,438900.25,Rice,WFP
2012-09-09,418929.125,Rice,WFP
2012-09-16,398958.0,Rice,WFP
2012-09-23,415373.06666666665,Rice,WFP
2012-09-30,431788.1333333333,Rice,WFP
2012-10-07,448203.19999999995,Rice,WFP
2012-10-14,464618.26666666666,Rice,WFP
2012-10-21,481033.3333333333,Rice,WFP
2012-10-28,483595.0,Rice,WFP
2012-11-04,486156.6666666666,Rice,WFP
2012-11-11,488718.3333333333,Rice,WFP
2012-11-18,491280.0,Rice,WFP
2012-11-25,477403.3333333333,Rice,WFP
2012-12-02,463526.6666666666,Rice,WFP
2012-12-09,449650.0,Rice,WFP
2012-12-16,435773.3333333333,Rice,WFP
2012-12-23,435206.6666666666,Rice,WFP
2012-12-30,434640.0,Rice,WFP
2013-01-06,434073.3333333333,Rice,WFP
2013-01-13,433506.6666666667,Rice,WFP
2013-01-20,432940.0,Rice,WFP
2013-01-27,438593.5,Rice,WFP
2013-02-03,444247.0,Rice,WFP
2013-02-10,449900.5,Rice,WFP
2013-02-17,455554.0,Rice,WFP
2013-02-24,456581.0,Rice,WFP
2013-03-03,457608.0,Rice,WFP
2013-03-10,458635.0,Rice,WFP
2013-03-17,459662.0,Rice,WFP
2013-03-24,465979.6,Rice,WFP
2013-03-31,472297.2,Rice,WFP
2013-04-07,478614.8,Rice,WFP
2013-04-14,484932.4,Rice,WFP
2013-04-21,491250.0,Rice,WFP
2013-04-28,480920.0,Rice,WFP
2013-05-05,470590.0,Rice,WFP
2013-05-12,460260.0,Rice,WFP
2013-05-19,449930.0,Rice,WFP
2013-05-26,450109.0,Rice,WFP
2013-06-02,450288.0,Rice,WFP
2013-06-09,450467.0,Rice,WFP
2013-06-16,450646.0,Rice,WFP
2013-06-23,462100.8,Rice,WFP
2013-06-30,473555.6,Rice,WFP
2013-07-07,485010.4,Rice,WFP
2013-07-14,496465.2,Rice,WFP
2013-07-21,507920.0,Rice,WFP
2013-07-28,495874.1666666667,Rice,WFP
2013-08-04,483828.3333333334,Rice,WFP
2013-08-11,471782.5,Rice,WFP
2013-08-18,459736.6666666667,Rice,WFP
2013-08-25,423615.0,Rice,WFP
2013-09-01,387493.3333333334,Rice,WFP
2013-09-08,351371.6666666667,Rice,WFP
2013-09-15,315250.0,Rice,WFP
2013-09-22,334837.5,Rice,WFP
2013-09-29,354425.0,Rice,WFP
2013-10-06,374012.5,Rice,WFP
2013-10-13,393600.0,Rice,WFP
2013-10-20,413187.5,Rice,WFP
2013-10-27,422793.125,Rice,WFP
2013-11-03,432398.75,Rice,WFP
2013-11-10,442004.375,Rice,WFP
2013-11-17,451610.0,Rice,WFP
2013-11-24,440900.625,Rice,WFP
2013-12-01,430191.25,Rice,WFP
2013-12-08,419481.875,Rice,WFP
2013-12-15,408772.5,Rice,WFP
2013-12-22,407996.0,Rice,WFP
2013-12-29,407219.5,Rice,WFP
2014-01-05,406443.0,Rice,WFP
2014-01-12,405666.5,Rice,WFP
2014-01-19,404890.0,Rice,WFP
2014-01-26,418213.3333333333,Rice,WFP
2014-02-02,431536.6666666666,Rice,WFP
2014-02-09,444860.0,Rice,WFP
2014-02-16,458183.3333333333,Rice,WFP
2014-02-23,448665.0,Rice,WFP
2014-03-02,439146.6666666666,Rice,WFP
2014-03-09,429628.3333333333,Rice,WFP
2014-03-16,420110.0,Rice,WFP
2014-03-23,415492.0,Rice,WFP
2014-03-30,410874.0,Rice,WFP
2014-04-06,406256.0,Rice,WFP
2014-04-13,401638.0,Rice,WFP
2014-04-20,397020.0,Rice,WFP
2014-04-27,402499.375,Rice,WFP
2014-05-04,407978.75,Rice,WFP
2014-05-11,413458.125,Rice,WFP
2014-05-18,418937.5,Rice,WFP
2014-05-25,411475.625,Rice,WFP
2014-06-01,404013.75,Rice,WFP
2014-06-08,396551.875,Rice,WFP
2014-06-15,389090.0,Rice,WFP
2014-06-22,399534.6666666667,Rice,WFP
2014-06-29,409979.3333333333,Rice,WFP
2014-07-06,420424.0,Rice,WFP
2014-07-13,430868.6666666666,Rice,WFP
2014-07-20,441313.3333333333,Rice,WFP
2014-07-27,436071.875,Rice,WFP
2014-08-03,430830.4166666666,Rice,WFP
2014-08-10,425588.9583333333,Rice,WFP
2014-08-17,420347.5,Rice,WFP
2014-08-24,433083.0,Rice,WFP
2014-08-31,445818.5,Rice,WFP
2014-09-07,458554.0,Rice,WFP
2014-09-14,471289.5,Rice,WFP
2014-09-21,484025.0,Rice,WFP
2014-09-28,483778.75,Rice,WFP
2014-10-05,483532.5,Rice,WFP
2014-10-12,483286.25,Rice,WFP
2014-10-19,483040.0,Rice,WFP
2014-10-26,473788.07692307694,Rice,WFP
2014-11-02,464536.1538461539,Rice,WFP
2014-11-09,455284.23076923075,Rice,WFP
2014-11-16,446032.3076923077,Rice,WFP
2014-11-23,436780.3846153846,Rice,WFP
2014-11-30,427528.46153846156,Rice,WFP
2014-12-07,418276.5384615385,Rice,WFP
2014-12-14,409024.6153846154,Rice,WFP
2014-12-21,399772.6923076923,Rice,WFP
2014-12-28,390520.76923076925,Rice,WFP
2015-01-04,381268.8461538461,Rice,WFP
2015-01-11,372016.9230769231,Rice,WFP
2015-01-18,362765.0,Rice,WFP
2015-01-25,371700.0,Rice,WFP
2015-02-01,380635.0,Rice,WFP
2015-02-08,389570.0,Rice,WFP
2015-02-15,398505.0,Rice,WFP
2015-02-22,394273.75,Rice,WFP
2015-03-01,390042.5,Rice,WFP
2015-03-08,385811.25,Rice,WFP
2015-03-15,381580.0,Rice,WFP
2015-03-22,379530.6666666667,Rice,WFP
2015-03-29,377481.3333333333,Rice,WFP
2015-04-05,375432.0,Rice,WFP
2015-04-12,373382.6666666666,Rice,WFP
2015-04-19,371333.3333333333,Rice,WFP
2015-04-26,378500.0,Rice,WFP
2015-05-03,385666.6666666666,Rice,WFP
2015-05-10,392833.3333333333,Rice,WFP
2015-05-17,400000.0,Rice,WFP
2015-05-24,399050.0,Rice,WFP
2015-05-31,398100.0,Rice,WFP
2015-06-07,397150.0,Rice,WFP
2015-06-14,396200.0,Rice,WFP
2015-06-21,395250.0,Rice,WFP
2015-06-28,385020.8333333333,Rice,WFP
2015-07-05,374791.6666666666,Rice,WFP
2015-07-12,364562.5,Rice,WFP
2015-07-19,354333.3333333333,Rice,WFP
2015-07-26,363500.0,Rice,WFP
2015-08-02,372666.6666666666,Rice,WFP
2015-08-09,381833.3333333333,Rice,WFP
2015-08-16,391000.0,Rice,WFP
2015-08-23,390000.0,Rice,WFP
2015-08-30,389000.0,Rice,WFP
2015-09-06,388000.0,Rice,WFP
2015-09-13,387000.0,Rice,WFP
2015-09-20,386000.0,Rice,WFP
2015-09-27,379583.3333333333,Rice,WFP
2015-10-04,373166.6666666666,Rice,WFP
2015-10-11,366750.0,Rice,WFP
2015-10-18,360333.3333333333,Rice,WFP
2015-10-25,360296.2962962963,Rice,WFP
2015-11-01,360259.25925925927,Rice,WFP
2015-11-08,360222.2222222222,Rice,WFP
2015-11-15,360185.18518518517,Rice,WFP
2015-11-22,360148.14814814815,Rice,WFP
2015-11-29,360111.1111111111,Rice,WFP
2015-12-06,360074.07407407404,Rice,WFP
2015-12-13,360037.037037037,Rice,WFP
2015-12-20,360000.0,Rice,WFP
2015-12-27,354875.0,Rice,WFP
2016-01-03,349750.0,Rice,WFP
2016-01-10,344625.0,Rice,WFP
2016-01-17,339500.0,Rice,WFP
2016-01-24,326533.3333333333,Rice,WFP
2016-01-31,313566.6666666667,Rice,WFP
2016-02-07,300600.0,Rice,WFP
2016-02-14,287633.3333333334,Rice,WFP
2016-02-21,274666.6666666667,Rice,WFP
2016-02-28,274631.94444444444,Rice,WFP
2016-03-06,274597.22222222225,Rice,WFP
2016-03-13,274562.5,Rice,WFP
2016-03-20,274527.7777777778,Rice,WFP
2016-03-27,274493.05555555556,Rice,WFP
2016-04-03,274458.3333333334,Rice,WFP
2016-04-10,274423.6111111111,Rice,WFP
2016-04-17,274388.8888888889,Rice,WFP
2016-04-24,274354.1666666667,Rice,WFP
2016-05-01,274319.44444444444,Rice,WFP
2016-05-08,274284.72222222225,Rice,WFP
2016-05-15,274250.0,Rice,WFP
2016-05-22,278950.0,Rice,WFP
2016-05-29,283650.0,Rice,WFP
2016-06-05,288350.0,Rice,WFP
2016-06-12,293050.0,Rice,WFP
2016-06-19,297750.0,Rice,WFP
2016-06-26,296687.5,Rice,WFP
2016-07-03,295625.0,Rice,WFP
2016-07-10,294562.5,Rice,WFP
2016-07-17,293500.0,Rice,WFP
2016-07-24,299200.0,Rice,WFP
2016-07-31,304900.0,Rice,WFP
2016-08-07,310600.0,Rice,WFP
2016-08-14,316300.0,Rice,WFP
2016-08-21,322000.0,Rice,WFP
2016-08-28,320333.3333333333,Rice,WFP
2016-09-04,318666.6666666666,Rice,WFP
2016-09-11,317000.0,Rice,WFP
2016-09-18,315333.3333333333,Rice,WFP
2016-09-25,312750.0,Rice,WFP
2016-10-02,310166.6666666666,Rice,WFP
2016-10-09,307583.3333333333,Rice,WFP
2016-10-16,305000.0,Rice,WFP
2016-10-23,294450.0,Rice,WFP
2016-10-30,283900.0,Rice,WFP
2016-11-06,273350.0,Rice,WFP
2016-11-13,262800.0,Rice,WFP
2016-11-20,252250.0,Rice,WFP
2016-11-27,254468.75,Rice,WFP
2016-12-04,256687.5,Rice,WFP
2016-12-11,258906.25,Rice,WFP
2016-12-18,261125.0,Rice,WFP
2016-12-25,263343.75,Rice,WFP
2017-01-01,265562.5,Rice,WFP
2017-01-08,267781.25,Rice,WFP
2017-01-15,270000.0,Rice,WFP
2017-01-22,279407.4074074074,Rice,WFP
2017-01-29,288814.81481481483,Rice,WFP
2017-02-05,298222.22222222225,Rice,WFP
2017-02-12,307629.62962962966,Rice,WFP
2017-02-19,317037.037037037,Rice,WFP
2017-02-26,326444.44444444444,Rice,WFP
2017-03-05,335851.85185185185,Rice,WFP
2017-03-12,345259.25925925927,Rice,WFP
2017-03-19,354666.6666666667,Rice,WFP
2017-04-02,382831.27,Rice,bridge_synthetic
2017-04-09,379211.89,Rice,bridge_synthetic
2017-04-16,383691.82,Rice,bridge_synthetic
2017-04-23,388681.27,Rice,bridge_synthetic
2017-04-30,378665.33,Rice,bridge_synthetic
2017-05-07,378665.42,Rice,bridge_synthetic
2017-05-14,389001.51,Rice,bridge_synthetic
2017-05-21,384374.38,Rice,bridge_synthetic
2017-05-28,377324.0,Rice,bridge_synthetic
2017-06-04,384081.89,Rice,bridge_synthetic
2017-06-11,380606.81,Rice,bridge_synthetic
2017-06-18,382867.24,Rice,bridge_synthetic
2017-06-25,389258.14,Rice,bridge_synthetic
2017-07-02,378943.47,Rice,bridge_synthetic
2017-07-09,382276.27,Rice,bridge_synthetic
2017-07-16,391390.44,Rice,bridge_synthetic
2017-07-23,390977.79,Rice,bridge_synthetic
2017-07-30,401181.25,Rice,bridge_synthetic
2017-08-06,396119.0,Rice,bridge_synthetic
2017-08-13,395322.52,Rice,bridge_synthetic
2017-08-20,415097.72,Rice,bridge_synthetic
2017-08-27,407074.64,Rice,bridge_synthetic
2017-09-03,411163.72,Rice,bridge_synthetic
2017-09-10,404210.27,Rice,bridge_synthetic
2017-09-17,411935.65,Rice,bridge_synthetic
2017-09-24,418311.67,Rice,bridge_synthetic
2017-10-01,412656.9,Rice,bridge_synthetic
2017-10-08,424575.54,Rice,bridge_synthetic
2017-10-15,420661.54,Rice,bridge_synthetic
2017-10-22,424908.38,Rice,bridge_synthetic
2017-10-29,425192.85,Rice,bridge_synthetic
2017-11-05,443339.99,Rice,bridge_synthetic
2017-11-12,433557.06,Rice,bridge_synthetic
2017-11-19,429018.19,Rice,bridge_synthetic
2017-11-26,443631.19,Rice,bridge_synthetic
2017-12-03,432447.04,Rice,bridge_synthetic
2017-12-10,444191.02,Rice,bridge_synthetic
2017-12-17,432009.91,Rice,bridge_synthetic
2017-12-24,438470.06,Rice,bridge_synthetic
2017-12-31,451000.74,Rice,bridge_synthetic
2018-01-07,455483.26,Rice,bridge_synthetic
2018-01-14,452227.98,Rice,bridge_synthetic
2018-01-21,450860.36,Rice,bridge_synthetic
2018-01-28,450176.71,Rice,bridge_synthetic
2018-02-04,442752.52,Rice,bridge_synthetic
2018-02-11,448474.53,Rice,bridge_synthetic
2018-02-18,450808.63,Rice,bridge_synthetic
2018-02-25,461727.8,Rice,bridge_synthetic
2018-03-04,457441.58,Rice,bridge_synthetic
2018-03-11,443620.73,Rice,bridge_synthetic
2018-03-18,458464.51,Rice,bridge_synthetic
2018-03-25,454183.21,Rice,bridge_synthetic
2018-04-01,452752.93,Rice,bridge_synthetic
2018-04-08,462174.57,Rice,bridge_synthetic
2018-04-15,465639.39,Rice,bridge_synthetic
2018-04-22,465536.87,Rice,bridge_synthetic
2018-04-29,453911.82,Rice,bridge_synthetic
2018-05-06,458139.14,Rice,bridge_synthetic
2018-05-13,463139.25,Rice,bridge_synthetic
2018-05-20,468176.77,Rice,bridge_synthetic
2018-05-27,458679.32,Rice,bridge_synthetic
2018-06-03,461287.12,Rice,bridge_synthetic
2018-06-10,455464.69,Rice,bridge_synthetic
2018-06-17,455405.35,Rice,bridge_synthetic
2018-06-24,469960.22,Rice,bridge_synthetic
2018-07-01,474333.98,Rice,bridge_synthetic
2018-07-08,464949.3,Rice,bridge_synthetic
2018-07-15,473042.5,Rice,bridge_synthetic
2018-07-22,469133.85,Rice,bridge_synthetic
2018-07-29,462657.3,Rice,bridge_synthetic
2018-08-05,470289.09,Rice,bridge_synthetic
2018-08-12,479133.37,Rice,bridge_synthetic
2018-08-19,468652.12,Rice,bridge_synthetic
2018-08-26,480497.97,Rice,bridge_synthetic
2018-09-02,451583.44,Rice,bridge_synthetic
2018-09-09,476432.32,Rice,bridge_synthetic
2018-09-16,471820.74,Rice,bridge_synthetic
2018-09-23,469664.83,Rice,bridge_synthetic
2018-09-30,473006.32,Rice,bridge_synthetic
2018-10-07,458831.75,Rice,bridge_synthetic
2018-10-14,471946.61,Rice,bridge_synthetic
2018-10-21,476621.7,Rice,bridge_synthetic
2018-10-28,485179.94,Rice,bridge_synthetic
2018-11-04,471538.39,Rice,bridge_synthetic
2018-11-11,470037.9,Rice,bridge_synthetic
2018-11-18,472798.13,Rice,bridge_synthetic
2018-11-25,483508.04,Rice,bridge_synthetic
2018-12-02,479889.1,Rice,bridge_synthetic
2018-12-09,474310.34,Rice,bridge_synthetic
2018-12-16,482370.33,Rice,bridge_synthetic
2018-12-23,479958.16,Rice,bridge_synthetic
2018-12-30,486807.47,Rice,bridge_synthetic
2019-01-06,475622.94,Rice,bridge_synthetic
2019-01-13,479276.59,Rice,bridge_synthetic
2019-01-20,479764.25,Rice,bridge_synthetic
2019-01-27,472946.15,Rice,bridge_synthetic
2019-02-03,486672.69,Rice,bridge_synthetic
2019-02-10,487380.51,Rice,bridge_synthetic
2019-02-17,486475.67,Rice,bridge_synthetic
2019-02-24,485682.2,Rice,bridge_synthetic
2019-03-03,477988.09,Rice,bridge_synthetic
2019-03-10,486227.65,Rice,bridge_synthetic
2019-03-17,487753.61,Rice,bridge_synthetic
2019-03-24,485321.3,Rice,bridge_synthetic
2019-03-31,491001.03,Rice,bridge_synthetic
2019-04-07,496139.55,Rice,bridge_synthetic
2019-04-14,508089.33,Rice,bridge_synthetic
2019-04-21,496364.91,Rice,bridge_synthetic
2019-04-28,497943.68,Rice,bridge_synthetic
2019-05-05,496431.32,Rice,bridge_synthetic
2019-05-12,483613.56,Rice,bridge_synthetic
2019-05-19,498705.69,Rice,bridge_synthetic
2019-05-26,500314.62,Rice,bridge_synthetic
2019-06-02,519326.6,Rice,bridge_synthetic
2019-06-09,500332.98,Rice,bridge_synthetic
2019-06-16,505013.72,Rice,bridge_synthetic
2019-06-23,503436.37,Rice,bridge_synthetic
2019-06-30,495810.8,Rice,bridge_synthetic
2019-07-07,514283.89,Rice,bridge_synthetic
2019-07-14,512289.0,Rice,bridge_synthetic
2019-07-21,513556.38,Rice,bridge_synthetic
2019-07-28,501556.89,Rice,bridge_synthetic
2019-08-04,520171.9,Rice,bridge_synthetic
2019-08-11,499678.16,Rice,bridge_synthetic
2019-08-18,515871.38,Rice,bridge_synthetic
2019-08-25,529162.27,Rice,bridge_synthetic
2019-09-01,505661.22,Rice,bridge_synthetic
2019-09-08,509878.33,Rice,bridge_synthetic
2019-09-15,515975.59,Rice,bridge_synthetic
2019-09-22,512266.24,Rice,bridge_synthetic
2019-09-29,505095.03,Rice,bridge_synthetic
2019-10-06,518615.01,Rice,bridge_synthetic
2019-10-13,510770.41,Rice,bridge_synthetic
2019-10-20,523694.02,Rice,bridge_synthetic
2019-10-27,513774.17,Rice,bridge_synthetic
2019-11-03,534051.88,Rice,bridge_synthetic
2019-11-10,516733.54,Rice,bridge_synthetic
2019-11-17,521305.01,Rice,bridge_synthetic
2019-11-24,531198.46,Rice,bridge_synthetic
2019-12-01,516046.46,Rice,bridge_synthetic
2019-12-08,528509.42,Rice,bridge_synthetic
2019-12-15,538017.36,Rice,bridge_synthetic
2019-12-22,515883.68,Rice,bridge_synthetic
2019-12-29,531055.74,Rice,bridge_synthetic
2020-01-05,532834.08,Rice,bridge_synthetic
2020-01-12,538343.99,Rice,bridge_synthetic
2020-01-19,523544.99,Rice,bridge_synthetic
2020-01-26,524189.09,Rice,bridge_synthetic
2020-02-02,540317.57,Rice,bridge_synthetic
2020-02-09,539853.27,Rice,bridge_synthetic
2020-02-16,540822.29,Rice,bridge_synthetic
2020-02-23,542943.55,Rice,bridge_synthetic
2020-03-01,535952.16,Rice,bridge_synthetic
2020-03-08,544705.27,Rice,bridge_synthetic
2020-03-15,546545.15,Rice,bridge_synthetic
2020-03-22,539646.71,Rice,bridge_synthetic
2020-03-29,562134.54,Rice,bridge_synthetic
2020-04-05,552065.51,Rice,bridge_synthetic
2020-04-12,539688.73,Rice,bridge_synthetic
2020-04-19,556271.9,Rice,bridge_synthetic
2020-04-26,544112.71,Rice,bridge_synthetic
2020-05-03,560059.65,Rice,bridge_synthetic
2020-05-10,564506.32,Rice,bridge_synthetic
2020-05-17,549355.21,Rice,bridge_synthetic
2020-05-24,565597.81,Rice,bridge_synthetic
2020-05-31,562340.21,Rice,bridge_synthetic
2020-06-07,567126.58,Rice,bridge_synthetic
2020-06-14,577534.75,Rice,bridge_synthetic
2020-06-21,560824.25,Rice,bridge_synthetic
2020-06-28,557855.71,Rice,bridge_synthetic
2020-07-05,558027.48,Rice,bridge_synthetic
2020-07-12,559975.17,Rice,bridge_synthetic
2020-07-19,567594.17,Rice,bridge_synthetic
2020-07-26,572504.92,Rice,bridge_synthetic
2020-08-02,573298.52,Rice,bridge_synthetic
2020-08-09,579368.31,Rice,bridge_synthetic
2020-08-16,573718.43,Rice,bridge_synthetic
2020-08-23,587480.9,Rice,bridge_synthetic
2020-08-30,573996.39,Rice,bridge_synthetic
2020-09-06,601191.43,Rice,bridge_synthetic
2020-09-13,584395.31,Rice,bridge_synthetic
2020-09-20,572839.41,Rice,bridge_synthetic
2020-09-27,572296.25,Rice,bridge_synthetic
2020-10-04,587197.21,Rice,bridge_synthetic
2020-10-11,582358.34,Rice,bridge_synthetic
2020-10-18,591928.11,Rice,bridge_synthetic
2020-10-25,591161.35,Rice,bridge_synthetic
2020-11-01,587690.62,Rice,bridge_synthetic
2020-11-08,582182.17,Rice,bridge_synthetic
2020-11-15,577581.56,Rice,bridge_synthetic
2020-11-22,588382.33,Rice,bridge_synthetic
2020-11-29,601315.04,Rice,bridge_synthetic
2020-12-06,596938.2,Rice,bridge_synthetic
2020-12-13,585222.37,Rice,bridge_synthetic
2020-12-20,599257.58,Rice,bridge_synthetic
2020-12-27,602506.05,Rice,bridge_synthetic
2021-01-03,592585.96,Rice,bridge_synthetic
2021-01-10,603854.97,Rice,bridge_synthetic
2021-01-17,604911.27,Rice,bridge_synthetic
2021-01-24,595906.6,Rice,bridge_synthetic
2021-01-31,611483.38,Rice,bridge_synthetic
2021-02-07,615269.32,Rice,bridge_synthetic
2021-02-14,621998.1,Rice,bridge_synthetic
2021-02-21,623677.69,Rice,bridge_synthetic
2021-02-28,603163.01,Rice,bridge_synthetic
2021-03-07,609117.28,Rice,bridge_synthetic
2021-03-14,624513.74,Rice,bridge_synthetic
2021-03-21,626434.71,Rice,bridge_synthetic
2021-03-28,628379.1,Rice,bridge_synthetic
2021-04-04,661626.52,Rice,bridge_synthetic
2021-04-11,632769.89,Rice,bridge_synthetic
2021-04-18,640034.5,Rice,bridge_synthetic
2021-04-25,640265.84,Rice,bridge_synthetic
2021-05-02,639337.12,Rice,bridge_synthetic
2021-05-09,632065.23,Rice,bridge_synthetic
2021-05-16,644238.1,Rice,bridge_synthetic
2021-05-23,631497.69,Rice,bridge_synthetic
2021-05-30,638545.54,Rice,bridge_synthetic
2021-06-06,638060.29,Rice,bridge_synthetic
2021-06-13,645449.25,Rice,bridge_synthetic
2021-06-20,669024.36,Rice,bridge_synthetic
2021-06-27,630329.52,Rice,bridge_synthetic
2021-07-04,657106.23,Rice,bridge_synthetic
2021-07-11,636548.45,Rice,bridge_synthetic
2021-07-18,649615.18,Rice,bridge_synthetic
2021-07-25,666882.34,Rice,bridge_synthetic
2021-08-01,658716.71,Rice,bridge_synthetic
2021-08-08,649330.33,Rice,bridge_synthetic
2021-08-15,654815.72,Rice,bridge_synthetic
2021-08-22,670602.73,Rice,bridge_synthetic
2021-08-29,658459.76,Rice,bridge_synthetic
2021-09-05,669839.08,Rice,bridge_synthetic
2021-09-12,670046.76,Rice,bridge_synthetic
2021-09-19,664943.54,Rice,bridge_synthetic
2021-09-26,695081.43,Rice,bridge_synthetic
2021-10-03,681764.15,Rice,bridge_synthetic
2021-10-10,656687.04,Rice,bridge_synthetic
2021-10-17,681077.62,Rice,bridge_synthetic
2021-10-24,674334.79,Rice,bridge_synthetic
2021-10-31,691747.05,Rice,bridge_synthetic
2021-11-07,676789.17,Rice,bridge_synthetic
2021-11-14,685667.22,Rice,bridge_synthetic
2021-11-21,693984.4,Rice,bridge_synthetic
2021-11-28,699654.39,Rice,bridge_synthetic
2021-12-05,680132.81,Rice,bridge_synthetic
2021-12-12,691035.78,Rice,bridge_synthetic
2021-12-19,691476.8,Rice,bridge_synthetic
2021-12-26,691512.32,Rice,bridge_synthetic
2022-01-02,719099.73,Rice,bridge_synthetic
2022-01-09,708662.5,Rice,bridge_synthetic
2022-01-16,694824.45,Rice,bridge_synthetic
2022-01-23,721858.31,Rice,bridge_synthetic
2022-01-30,738678.88,Rice,bridge_synthetic
2022-02-06,730872.41,Rice,bridge_synthetic
2022-02-13,707071.28,Rice,bridge_synthetic
2022-02-20,722113.8,Rice,bridge_synthetic
2022-02-27,745128.98,Rice,bridge_synthetic
2022-03-06,727265.71,Rice,bridge_synthetic
2022-03-13,743823.21,Rice,bridge_synthetic
2022-03-20,751370.0,Rice,bridge_synthetic
2022-03-27,736194.99,Rice,bridge_synthetic
2022-04-03,749740.93,Rice,bridge_synthetic
2022-04-10,717575.85,Rice,bridge_synthetic
2022-04-17,746433.64,Rice,bridge_synthetic
2022-04-24,759031.27,Rice,bridge_synthetic
2022-05-01,751421.01,Rice,bridge_synthetic
2022-05-08,788433.33,Rice,bridge_synthetic
2022-05-15,756833.06,Rice,bridge_synthetic
2022-05-22,772129.84,Rice,bridge_synthetic
2022-05-29,782627.7,Rice,bridge_synthetic
2022-06-05,801901.02,Rice,bridge_synthetic
2022-06-12,771778.71,Rice,bridge_synthetic
2022-06-19,806431.64,Rice,bridge_synthetic
2022-06-26,796560.61,Rice,bridge_synthetic
2022-07-03,788491.84,Rice,bridge_synthetic
2022-07-10,809683.32,Rice,bridge_synthetic
2022-07-17,810357.65,Rice,bridge_synthetic
2022-07-24,804472.15,Rice,bridge_synthetic
2022-07-31,816470.41,Rice,bridge_synthetic
2022-08-07,814715.86,Rice,bridge_synthetic
2022-08-14,824689.53,Rice,bridge_synthetic
2022-08-21,835338.24,Rice,bridge_synthetic
2022-08-28,850727.63,Rice,bridge_synthetic
2022-09-04,819294.7,Rice,bridge_synthetic
2022-09-11,865462.53,Rice,bridge_synthetic
2022-09-18,817797.25,Rice,bridge_synthetic
2022-09-25,844374.53,Rice,bridge_synthetic
2022-10-02,857639.24,Rice,bridge_synthetic
2022-10-09,857571.99,Rice,bridge_synthetic
2022-10-16,849795.87,Rice,bridge_synthetic
2022-10-23,858953.93,Rice,bridge_synthetic
2022-10-30,859079.22,Rice,bridge_synthetic
2022-11-06,861629.91,Rice,bridge_synthetic
2022-11-13,884278.14,Rice,bridge_synthetic
2022-11-20,881682.77,Rice,bridge_synthetic
2022-11-27,871666.97,Rice,bridge_synthetic
2022-12-04,896595.1,Rice,bridge_synthetic
2022-12-11,892588.65,Rice,bridge_synthetic
2022-12-18,903208.87,Rice,bridge_synthetic
2022-12-25,904628.15,Rice,bridge_synthetic
2023-01-01,888808.57,Rice,bridge_synthetic
2023-01-08,901631.17,Rice,bridge_synthetic
2023-01-15,928839.37,Rice,bridge_synthetic
2023-01-22,936309.23,Rice,bridge_synthetic
2023-01-29,936792.29,Rice,bridge_synthetic
2023-02-05,948023.12,Rice,bridge_synthetic
2023-02-12,973943.75,Rice,bridge_synthetic
2023-02-19,956338.55,Rice,bridge_synthetic
2023-02-26,982166.69,Rice,bridge_synthetic
2023-03-05,980461.03,Rice,bridge_synthetic
2023-03-12,989473.8,Rice,bridge_synthetic
2023-03-19,1018501.15,Rice,bridge_synthetic
2023-03-26,1023778.91,Rice,bridge_synthetic
2023-04-02,1032982.96,Rice,bridge_synthetic
2023-04-09,1049967.08,Rice,bridge_synthetic
2023-04-16,1039400.22,Rice,bridge_synthetic
2023-04-23,1059068.19,Rice,bridge_synthetic
2023-04-30,1052693.75,Rice,bridge_synthetic
2023-05-07,1072075.15,Rice,bridge_synthetic
2023-05-14,1074058.12,Rice,bridge_synthetic
2023-05-21,1087009.7,Rice,bridge_synthetic
2023-05-28,1104474.78,Rice,bridge_synthetic
2023-06-04,1087884.02,Rice,bridge_synthetic
2023-06-11,1139343.95,Rice,bridge_synthetic
2023-06-18,1091224.76,Rice,bridge_synthetic
2023-06-25,1090976.59,Rice,bridge_synthetic
2023-07-02,1133846.46,Rice,bridge_synthetic
2023-07-09,1131030.31,Rice,bridge_synthetic
2023-07-16,1131522.87,Rice,bridge_synthetic
2023-07-23,1134895.79,Rice,bridge_synthetic
2023-07-30,1127362.96,Rice,bridge_synthetic
2023-08-06,1115621.34,Rice,bridge_synthetic
2023-08-13,1135401.71,Rice,bridge_synthetic
2023-08-20,1125830.29,Rice,bridge_synthetic
2023-08-27,1157338.32,Rice,bridge_synthetic
2023-09-03,1141401.89,Rice,bridge_synthetic
2023-09-10,1132991.15,Rice,bridge_synthetic
2023-09-17,1144921.13,Rice,bridge_synthetic
2023-09-24,1160884.54,Rice,bridge_synthetic
2023-10-01,1147225.83,Rice,bridge_synthetic
2023-10-08,1145970.28,Rice,bridge_synthetic
2023-10-15,1167804.54,Rice,bridge_synthetic
2023-10-22,1171109.92,Rice,bridge_synthetic
2023-10-29,1161195.89,Rice,bridge_synthetic
2023-11-05,1165073.99,Rice,bridge_synthetic
2023-11-12,1180731.09,Rice,bridge_synthetic
2023-11-19,1154277.48,Rice,bridge_synthetic
2023-11-26,1158198.38,Rice,bridge_synthetic
2023-12-03,1173662.64,Rice,bridge_synthetic
2023-12-10,1185910.49,Rice,bridge_synthetic
2023-12-17,1198554.3,Rice,bridge_synthetic
2023-12-24,1222735.36,Rice,bridge_synthetic
2023-12-31,1214964.57,Rice,bridge_synthetic
2024-01-07,1203027.95,Rice,bridge_synthetic
2024-01-14,1212483.0,Rice,bridge_synthetic
2024-01-21,1201394.51,Rice,bridge_synthetic
2024-01-28,1226304.1,Rice,bridge_synthetic
2024-02-04,1228211.5,Rice,bridge_synthetic
2024-02-11,1246465.32,Rice,bridge_synthetic
2024-02-18,1231890.49,Rice,bridge_synthetic
2024-02-25,1264047.38,Rice,bridge_synthetic
2024-03-03,1290180.2,Rice,bridge_synthetic
2024-03-10,1266023.34,Rice,bridge_synthetic
2024-03-17,1282682.74,Rice,bridge_synthetic
2024-03-24,1295178.41,Rice,bridge_synthetic
2024-03-31,1281059.3,Rice,bridge_synthetic
2024-04-07,1300079.11,Rice,bridge_synthetic
2024-04-14,1302877.63,Rice,bridge_synthetic
2024-04-21,1311458.13,Rice,bridge_synthetic
2024-04-28,1301182.97,Rice,bridge_synthetic
2024-05-05,1323841.8,Rice,bridge_synthetic
2024-05-12,1340200.19,Rice,bridge_synthetic
2024-05-19,1366277.46,Rice,bridge_synthetic
2024-05-26,1363418.98,Rice,bridge_synthetic
2024-06-02,1393843.14,Rice,bridge_synthetic
2024-06-09,1336308.86,Rice,bridge_synthetic
2024-06-16,1371215.02,Rice,bridge_synthetic
2024-06-23,1358867.0,Rice,bridge_synthetic
2024-06-30,1401341.77,Rice,bridge_synthetic
2024-07-07,1341941.19,Rice,bridge_synthetic
2024-07-14,1342915.81,Rice,bridge_synthetic
2024-07-21,1349439.51,Rice,bridge_synthetic
2024-07-28,1319884.59,Rice,bridge_synthetic
2024-08-04,1354188.81,Rice,bridge_synthetic
2024-08-11,1351027.45,Rice,bridge_synthetic
2024-08-18,1371310.89,Rice,bridge_synthetic
2024-08-25,1376882.18,Rice,bridge_synthetic
2024-09-01,1410092.72,Rice,bridge_synthetic
2024-09-08,1392706.69,Rice,bridge_synthetic
2024-09-15,1362869.74,Rice,bridge_synthetic
2024-09-22,1357853.17,Rice,bridge_synthetic
2024-09-29,1388205.63,Rice,bridge_synthetic
2024-10-06,1352350.55,Rice,bridge_synthetic
2024-10-13,1419255.55,Rice,bridge_synthetic
2024-10-20,1407410.42,Rice,bridge_synthetic
2024-10-27,1374835.27,Rice,bridge_synthetic
2024-11-03,1350593.36,Rice,bridge_synthetic
2024-11-10,1416035.05,Rice,bridge_synthetic
2024-11-17,1387098.71,Rice,bridge_synthetic
2024-11-24,1416950.79,Rice,bridge_synthetic
2024-12-01,1359447.25,Rice,bridge_synthetic
2024-12-08,1381856.06,Rice,bridge_synthetic
2024-12-15,1396137.84,Rice,bridge_synthetic
2024-12-22,1398648.5,Rice,bridge_synthetic
2024-12-29,1389852.42,Rice,bridge_synthetic
2025-01-05,1414416.73,Rice,bridge_synthetic
2025-01-12,1381164.02,Rice,bridge_synthetic
2025-01-19,1402957.57,Rice,bridge_synthetic
2025-01-26,1410819.29,Rice,bridge_synthetic
2025-02-02,1421481.01,Rice,bridge_synthetic
2025-02-09,1427995.67,Rice,bridge_synthetic
2025-02-16,1391357.35,Rice,bridge_synthetic
2025-02-23,1384929.42,Rice,bridge_synthetic
2025-03-02,1447079.53,Rice,bridge_synthetic
2025-03-09,1429274.61,Rice,bridge_synthetic
2025-03-16,1408509.99,Rice,bridge_synthetic
2025-03-23,1460019.44,Rice,bridge_synthetic
2025-03-30,1431618.8,Rice,bridge_synthetic
2025-04-06,1456778.65,Rice,bridge_synthetic
2025-04-13,1435226.93,Rice,bridge_synthetic
2025-04-20,1480484.09,Rice,bridge_synthetic
2025-04-27,1476284.11,Rice,bridge_synthetic
2025-05-04,1435348.13,Rice,bridge_synthetic
2025-05-11,1464076.69,Rice,bridge_synthetic
2025-05-18,1459356.29,Rice,bridge_synthetic
2025-05-25,1477402.27,Rice,bridge_synthetic
2025-06-01,1429012.91,Rice,bridge_synthetic
2025-06-08,1466573.96,Rice,bridge_synthetic
2025-06-15,1476343.69,Rice,bridge_synthetic
2025-06-22,1416524.52,Rice,bridge_synthetic
2025-06-29,1430690.07,Rice,bridge_synthetic
2025-07-06,1413574.13,Rice,bridge_synthetic
2025-07-13,1453913.83,Rice,bridge_synthetic
2025-07-20,1477178.36,Rice,bridge_synthetic
2025-07-27,1496055.23,Rice,bridge_synthetic
2025-08-03,1466347.55,Rice,bridge_synthetic
2025-08-10,1502177.07,Rice,bridge_synthetic
2025-08-17,1437601.01,Rice,bridge_synthetic
2025-08-24,1432076.14,Rice,bridge_synthetic
2025-08-31,1470035.8,Rice,bridge_synthetic
2025-09-07,1481382.53,Rice,bridge_synthetic
2025-09-14,1473809.57,Rice,bridge_synthetic
2025-09-21,1430389.84,Rice,bridge_synthetic
2025-09-28,1475828.21,Rice,bridge_synthetic
2025-10-05,1450491.0,Rice,bridge_synthetic
2025-10-12,1495952.29,Rice,bridge_synthetic
2025-10-19,1490863.67,Rice,bridge_synthetic
2025-10-26,1463419.2,Rice,bridge_synthetic
2025-11-02,1474527.36,Rice,bridge_synthetic
2025-11-09,1463981.26,Rice,bridge_synthetic
2025-11-16,1487852.16,Rice,bridge_synthetic
2025-11-23,1512248.0,Rice,bridge_synthetic
2025-11-30,1470455.08,Rice,bridge_synthetic
2025-12-07,1505455.76,Rice,bridge_synthetic
2025-12-14,1483897.05,Rice,bridge_synthetic
2025-12-21,1479620.83,Rice,bridge_synthetic
2025-12-28,1496658.74,Rice,bridge_synthetic
2026-01-04,1478347.83,Rice,bridge_synthetic
2026-01-11,1493052.31,Rice,bridge_synthetic
2026-01-18,1482322.49,Rice,bridge_synthetic
2026-01-25,1557932.59,Rice,bridge_synthetic
2026-02-01,1518024.76,Rice,bridge_synthetic
2026-02-08,1505145.71,Rice,bridge_synthetic
2026-02-15,1529894.79,Rice,bridge_synthetic
2026-02-22,1526312.83,Rice,bridge_synthetic
2026-03-01,1527697.32,Rice,bridge_synthetic
2026-03-08,1550823.21,Rice,bridge_synthetic
2026-03-15,1558060.3,Rice,bridge_synthetic
2026-03-22,1532154.5,Rice,bridge_synthetic
2026-03-29,1534959.95,Rice,bridge_synthetic
2026-04-05,1543605.05,Rice,bridge_synthetic
2026-04-12,1496480.33,Rice,bridge_synthetic
2026-04-19,1514771.81,Rice,bridge_synthetic
2026-04-26,1581779.83,Rice,bridge_synthetic
2026-05-03,1588245.5,Rice,bridge_synthetic
2026-05-10,1544209.91,Rice,bridge_synthetic
2026-05-17,1563404.95,Rice,bridge_synthetic
2026-05-24,1557236.57,Rice,bridge_synthetic
